NUMBER,TITLE,MF NUMBER,EXPLANATION
A,Agreement Form Supplements,4010.35,00 54 00
Abbreviations and Acronyms,Z1040.30,01 42 13,Agricultural Equipment
Acceptance of Conditions,Z1070.10,01 71 16,Irrigation
Access Control,D7010.10,28 13 00,Waste Clean-Up Equipment
Access Control and Intrusion Detection,D7010,28 10 00,Air Coils
Access Doors and Panels,C1030.80,08 31 00,Cooling
Access Flooring,C1060.10,09 69 00,Heating
Accessories,E2050.40,12 40 00,"Air Compressors and Receivers, General Service"
Accordion Folding Partitions,C1010.50,10 22 33,Air-Admittance Valves
Acid-Resistant Flooring,C2030.30,09 62 35,Air-Borne Particulate Collection Systems
Acoustic Insulation,---,09 81 00,Air-Conditioners
Interior Partitions,C1010.90,09 81 00,Computer-Room
Plaster and Gypsum Board,C1070.20,09 81 00,Packaged Terminal Room
Ceilings,Self-Contained,D3030.70,23 81 19
Suspended Ceilings,C1070.10,09 81 00,Split-System
Acoustic Room Components,C2050.80,09 84 00,Aircraft Passenger Loading Bridges
Acoustical Ceiling Treatment,C2050.80,---,Control Equipment
Metal Decking,C2050.80,05 34 00,Landing Equipment
Metal Floor Decking,B1010.20,05 34 00,Lighting
Metal Roof Decking,B1020.20,05 34 00,Signaling and Control Equipment
Shells,E1070.10,11 61 13,Signals
Suspended Ceilings,C1070.10,09 51 00,Traffic Control Tower Equipment
Administrative Requirements,Z1020,01 30 00,Equipment
Adobe Unit Masonry: See Unit Masonry,---,04 24 00,Air-Handling Units
Airport Special Procedures,Z1020.70,01 35 13.13,Air-Source Heat Pumps
Advertising,2050.10,---,Air-Supported Fabric Structures
Aerial Cable Installation Hardware,G5010.10,33 81 23,Air-to-Air Energy Recovery
Aerobic Processes,G1050.25,02 54 13,All Glass Entrances
Aggregate Surfacing,---,32 15 00,Exterior
Aviation,G2040.10,32 15 00,Interior
Parking Lot,G2020.10,32 15 00,Storefronts: See Storefronts
Pedestrian,G2030.10,32 15 00,Allowances
Roadway,G2010.10,32 15 00,Alteration Project Procedures
KEY WORD,UF NUMBER,MF NUMBER,KEY WORD
---,---,---,---
Alternates,Z1010.30,01 23 00,Asbestos
Aluminum,Abatement,F2010.20,02 82 13
Decking: See Metal Decking,---,05 33 00,Remediation
Framed Storefronts: See Storefronts,---,08 43 13,Asphalt Unit Pavement: See Unit Pavement
Doors: See Exterior and Interior Doors,---,08 11 16,Assessment
Joists: See Metal Joists,B1010.10,05 25 00,Existing Conditions
Windows: See Exterior and Interior Windows,---,08 51 13,Existing Material
Hazardous Material,1040.30,02 26 00,Assistive Listening Systems
Amendments,Z1010.60,01 26 43,Athletic and Recreational Court Walls
Amusement Park,F1050.50,---,Special Construction
Rides,F1050.50,13 14 23,Athletic Structures and Equipment
Anaerobic Processes,G1050.25,02 54 16,Decontamination
Anchor Tiebacks,A9030.10,31 51 00,"Anchors, Foundation"
Animal Containment,F1050.70,13 19 00,Antenna Towers
Antifreeze Sprinkler Systems,D4010.10,21 13 36,Rooms
Anti-Microbial Coatings,---,23 05 63,Surfaces
Cooling System,D3030.90,23 05 63,"Surfaces, Demountable"
Distribution Systems,D3050.90,23 05 63,"Athletic, Recreational, and Playfield Areas"
Heating System,D3020.90,23 05 63,Attendant Booths
Ventilation,D3060.90,23 05 63,Anti-Microbial Ultraviolet Emitters
Cooling System,D3030.90,23 05 66,Attipulgite Slurry Walls
Distribution Systems,D3050.90,23 05 66,Attorneys
Heating System,D3020.90,23 05 66,Audience Seating
Portable,E2050.60,12 62 00,Application
Application Development,D6010.60,27 26 19,Audio-Video Accessories
Application Suites,D6010.50,27 25 16,Communications
Appurtenances,Conferencing,D6030.10,27 41 43
Exterior Wall,B2080,---,Devices
Parking Lot,G2020.40,32 17 00,Systems
Pedestrian Pavement,G2030.40,32 17 00,Audio-Visual Equipment
Roadway,G2010.40,32 17 00,Furniture
Roof,B3020,---,Architects
Architecturally Integrated Audio-Video Equipment,D6030.10,27 41 13,Automatic Banking Systems
"Banking Systems, Site",G2060.50,11 17 16,Book Storage and Retrieval Systems
Area Drains,D2030.30,22 14 26.13,Site Storm Drainage
Area Lighting,G4050.10,26 56 23,Call Distributors
Arena Football Boards,F1060.30,13 28 19,"Entrances, Exterior"
Art,"Entrances, Interior",C1030.20,08 42 29
Glass,E2010.10,12 17 00,Flagpoles
Fixed,E2010.10,12 10 00,Available Project Information
Movable,E2050.10,12 10 00,Aviation Fuel
Artificial Plants,---,12 92 13,"Distribution, Site"
Fixed Interior,E2010.90,12 92 13,"Grounding, Site"
Movable Interior,E2050.90,12 92 13,"Piping, Site"
Arts and Crafts Equipment,E1040.10,11 95 00,"Pumps, Site"
KEY WORD,UF NUMBER,MF NUMBER,KEY WORD
---,---,---,---
Aviation Pavement,G2040.10,32 10 00,Below-Grade Egress
Appurtenances,G2040.40,32 17 00,Assemblies
Curbs and Gutters,G2040.20,32 16 00,Bentonite Slurry Walls
Awnings,B2080.30,10 73 13,Bicycle Racks
B,Bid Forms,3050.10,00 41 00
"Backfill and Compaction, Substructure",A9010.10,31 23 23,Bidets
"Backfill, Site",G1070.20,31 23 23.13,Commercial
Backwater Valves,D2020.30,22 13 19.33,Residential
Biological Decontamination,G1050.25,02 54 00,Biological Safety Cabinets
Baggers,E1090.40,11 93 29,Biomass Heat Generation
Balanced Door Entrances,---,08 42 36,Bio-Polymer Trench Drain
Exterior,B2050.10,08 42 36,Bioremediation
Interior,C1030.20,08 42 36,Decontamination
Balcony,Bird Control Devices,B2080.80,10 81 13
Floor Construction,B1010.30,---,Bleachers
"Walls and Railings, Exterior",B2080.50,05 52 00,Exterior
"Walls, Exterior",B2080.50,---,Board Paneling
Ballistics-Resistant Glazing,---,08 88 56,Boilers
Exterior Windows,B2020.50,08 88 56,Electric Heating
Exterior Doors,B2050.40,08 88 56,Feedwater Pumps
Interior Windows,C1020.50,08 88 56,Fuel-Fired Heating
Interior Doors,C1030.70,08 88 56,"Bollards, Metal"
Bank Casework,E2010.30,12 35 17,"Banking Equipment, Site"
Banners,C1090.90,10 83 00,Baptisteries
Bar Equipment,E1030.80,11 46 13,Book Depositories
Book Theft Protection,E1040.10,11 51 19,Equipment
"Barricades, Temporary",Z1050.40,01 56 23,"Barriers and Enclosures, Temporary"
"Booths and Tables, Fixed",E2010.70,12 64 00,Bored Piles
"Boring Machine, Tunnel",G9010.90,31 71 19,Bowling Alley Equipment
Bracing and Anchoring,Z1070.20,01 73 23,Branch Wiring System
Lighting,D5040.20,---,Base Courses
Aviation Pavement,G2040.10,32 11 00,Parking Lot
Pedestrian Pavement,G2030.10,32 11 00,Roadway
Baseball Field Surfacing,G205010,32 18 23.13,Breathing Air Replenishment Systems
Basements: See Subgrade Enclosures,A20,---,Bath Accessories
Bath Furnishings,E2050.40,12 44 00,Bathtubs
Commercial,D2010.60,22 42 19,Masonry: See Unit Masonry
Healthcare,D2010.60,22 43 19,Unit Pavement: See Unit Pavement
Residential,D2010.60,22 41 19,Batteries
Chargers,D5010.20,26 33 43,Equipment
Monitoring,D5010.20,26 33 46,Racks
Units,D5010.20,26 33 19,"Beams, Grade"
Bedroom Furnishings,E2050.40,12 45 00,Bells
KEY WORD,UF NUMBER,MF NUMBER,KEY WORD
---,---,---,---
Windows: See Exterior and Interior Windows,---,08 51 16,Casework
Budget,---,01 21 16,Cash Allowances
Construction Contingencies,2080.20,01 21 16,Cash Registers and Checking Equipment
Design Contingencies,2080.10,01 21 16,Cast Floor Decks and Underlayment
Financing,2090,---,Cast-In-Place Concrete: See CIP Concrete
"Information, Project",3040.15,00 31 16,Cathodic Protection
Project Contingencies,2080,---,Cattle Guards
Project Delays,2080.60,---,"Catwalks, Metal"
Unforeseen Subsurface Conditions,2080.40,---,Ceilings
Building,---,---,Finishes
Demolition,F3010.10,02 41 16.13,Metal Furring
Envelope Access,D1080.50,---,Paneling
Illumination,G4050.50,---,Sound Isolation
Modules,F1010.10,13 42 00,Suspended Construction
Permits,2020.30,01 41 26,Suspended Plaster and Gypsum Board
Subdrainage,A6010,33 46 00,Suspension Components
Building Support Plumbing,D2030,---,Suspension Systems
Supplementary Components,D2030.90,---,Wood Furring
"Bulkheads, Exterior",B3080.30,---,"Cement Plastering, Exterior"
Bumper Guards,C1090.35,10 26 16,Walls
"Bumpers, Loading Dock",E1010.50,11 13 13,Cement Tunnel Grouting
Cable Pressurization,G5010.30,33 82 46,Pedestrian
Equipment,---,---,Service
Cable Transportation,D1030.70,34 14 00,Vehicular
Cable Trays,---,26 05 36,Central
Branch Wiring,D5030.10,26 05 36,Battery Equipment
Communications,D6090.10,27 05 36,Cooling
Electrical Distribution,D5020.30,26 05 36,Dimming Control
Electrical Service and Distribution,D5020.90,26 05 36,Certificates
General Purpose Power,D5030.90,26 05 36,Certificates and Other Forms
Lighting,D5040.90,26 05 36,Certifications
Lighting Branch Wiring,D5040.20,26 05 36,Chain Link Fences and Gates
Miscellaneous Electrical,D5080.90,26 05 36,Chalkboards
Caissons,A1020.20,31 64 00,Change Order Requests
Call Accounting,D6020.40,27 34 00,Change Orders
Call Management,D6020.50,27 35 00,Checkout Procedures
Call Status and Management Displays,D6020.50,27 35 19,Chemical
Canopies,---,---,Precipitation
Construction,B1020.30,---,Decontamination Treatment Soil Stabilization
Manufactured,F1020.60,10 73 16,Chemical Tunnel Grouting
Roofing,B3010.70,---,Pedestrian
Support Truss Assemblies,B1020.30,05 19 19,Service
Capacitors,D5010.60,26 35 13,Vehicular
Car Shelters,G2060.40,10 73 23,Chemical-Resistant Flooring
Carbon-Dioxide Fire-Extinguishing,D4010.50,21 21 00,Brick
Carbon-Monoxide Detection Sensors,D7050.10,28 31 49,Tiling
Carillons,E1070.20,11 62 16,Healthcare
Carpeted Stair Finish,C2040.75,09 68 00,Laboratory
KEY WORD,UF NUMBER,MF NUMBER,KEY WORD
---,---,---,---
Tanks,D2060.40,22 66 83,Clean-Agent Fire-Extinguishing Systems
Chilled Beams,---,23 82 14,"Cleaning and Disposal Equipment, Food Service"
Cooling,D3030.70,23 82 14,Cleaning and Waste Management
Heating,D3020.70,23 82 14,Cleanouts
Chilled-Water Thermal Storage,D3030.50,23 71 16,Sanitary Drainage
Chokes and Inductors,D5010.60,26 35 16,Sewerage
Chutes,D1050.60,14 91 00,Stormwater Drainage
CIP Concrete,---,03 30 00,Clearing and Grubbing
Balcony Construction,B1010.30,03 30 00,Climbing Walls
Canopy Construction,B1020.30,03 30 00,Clock Systems
Column Piers,A1010.30,03 30 00,"Clocks, Exterior"
Columns Supporting Floors,---,03 30 00,Closeout Forms
Continuous Footings,A1010.10,03 30 00,Procedures
Exterior Balcony Walls,B2080.50,03 30 00,Requirements
Exterior Wall Construction,B2010.20,03 30 00,Submittals
"Floor Decks, Slabs, and Toppings",B1010.20,03 30 00,Closet and Utility Shelving
Floor Girders and Beams,B1010.10,03 30 00,Coagulation and Flocculation
Foundation Walls,A1010.10,03 30 00,Decontamination
Grade Beams,A1020.80,03 30 00,Coal Chutes
Interior Partitions,C1010.10,03 30 00,Coatings
Mezzanine Construction,B1010.40,03 30 00,Roofing
Pile Caps,A1020.70,03 30 00,Traffic Bearing
Pits and Bases,A4040,03 30 00,Coaxial Communications
Raft Foundations,A2010.60,03 30 00,Distribution Cabling
Ramps,B1010.50,03 30 00,Codes
Retaining Walls,G2060.60,32 32 13,Analysis
Roof Decks and Slabs,B1020.20,03 30 00,Appeals and Variances
Roof Girders and Beams,B1020.10,03 30 00,Required Special Inspections and Procedures
Slab Trenches,A4030,03 30 00,Required Special Inspector Qualifications
Stairs,B1080.10,03 30 00,Cofferdams
CIP Concrete Shaft Lining,---,31 75 13,Coiling
Pedestrian Tunnels,G9010.20,31 75 13,"Counter Doors, Interior"
Service Tunnels,G9010.40,31 75 13,Doors
Vehicular Tunnels,G9010.10,31 75 13,Exterior
CIP Concrete Tunnel Lining,---,31 74 13,Interior
Pedestrian,G9010.20,31 74 13,Grilles
Service,G9010.40,31 74 13,Exterior
Vehicular,G9010.10,31 74 13,Interior
"Circuit Breakers, Site Electrical",G4010.50,---,Partitions
Civil Engineers,2030.20,---,Coin-Operated Laundry Equipment
Clarifications,4040,00 90 00,Cold Storage
Forms,4020.50,00 63 00,Doors
Notices,Z1010.60,01 26 19,Exterior
Classified Location Lighting,D5040.50,26 54 00,Interior
Classroom Furniture,E2050.30,12 56 33,Rooms
Clay Unit Masonry: See Unit Masonry,---,04 21 00,Cold-Formed Metal Floor
Clean Rooms,F1010.50,13 21 13,Special Procedures
Joists,B1010.10,05 42 00,Trusses
KEY WORD,UF NUMBER,MF NUMBER,KEY WORD
---,---,---,---
Roof,B1020.10,---,Communications
Joists,B1020.10,05 42 00,Audio-Video
Trusses,B1020.10,05 44 00,"Blowers, Fans, and"
Column Covers,---,05 58 13,Ventilation
Exterior,B2080.70,05 58 13,Data
Interior,C2020,05 58 13,Distributed
Columns,"Distribution, Site",G5010.30,33 82 00
Foundations,A1010.30,---,Site
Piers,A1010.30,---,"Structures, Site"
Supporting,Supplementary Components,D6090.10,---
Floors,B1010.10,---,"Supplementary Components,"
Roofs,B1020.10,---,Site
Combination Emergency,D2010.60,22 45 33,Systems
Fixture Units,Transmission Towers,G5010.10,33 81 13
Combined Dry-Pipe and,D4010.10,21 13 23,Utility Poles
Preaction Sprinkler Systems,Voice,D6020,27 30 00
Commercial,"Compaction, Site",G1070.20,31 23 23.23
Dishwashers,E1030.80,11 48 13,Compartments and Cubicles
Disposers,D2010.60,22 42 26,Completion and Correction List
Equipment,E1030,11 20 00,Composite
Ironing Equipment,E1030.35,11 23 23,Balcony Decking
Kitchen Hoods,D3060.30,23 38 13,Canopy Decking
Laundry and Dry Cleaning,E1030.35,11 23 00,Doors: See Exterior and
Ovens,E1030.80,11 44 16,Exterior Fabrications
Plumbing Fixtures,D2010.60,22 42 00,Exterior Fixed Grilles and
Ranges,E1030.80,11 44 13,Screens
Washers and Extractors,E1030.35,11 23 26,"Fabrications, Interior"
Commissioning,Z1090.10,01 91 00,Floor Decking
Agents,2030.30,---,Mezzanine Decking
Common Product,Z1060.10,01 61 00,"Paneling, Ceilings"
Requirements,"Paneling, Walls",C2010.20,06 83 00
Common Work Results for,"Railings, Exterior Balcony",B2080.50,06 81 00
Communications,D6090.10,27 05 00,"Railings, Interior"
Electrical,D50,26 00 00,Ramp Decking
Service and Distribution,D5020.90,26 05 00,Roof Decking
Facility Power Generation,D5010.90,26 05 00,Stair Railings
Lighting,D5040.90,26 05 00,Windows: See Exterior and
Miscellaneous Electrical,D5080.90,26 05 00,Interior Windows
Electronic Safety and,D7090.10,27 05 00,Composition Stone Flooring
Security,Composting Equipment,E1090.10,11 82 29
Fire Suppression,D4010.90,21 05 00,Compressed Gases Storage
HVAC,D30,23 00 00,"Tanks, Site"
Cooling System,D3030.90,23 05 00,Compressed-Air
Distribution Systems,D3050.90,23 05 00,Equipment
Heating System,D3020.90,23 05 00,General Service
Ventilation,D3060.90,23 05 00,Piping
Integrated Automation,D8010.90,27 05 00,"Systems, Healthcare"
Plumbing,D20,22 00 00,"Systems, Laboratory"
Building Support,D2030.90,22 05 00,Computer-Based Detention
Domestic Water,D2010.90,22 05 00,Monitoring and Control
Sanitary Drainage,D2020.90,22 05 00,Computer-Room Air-
Utilities,G3090.10,03 05 00,Conditioners
"Communication Systems,",D8010.70,25 57 00,Integrated Automation Control
Concrete,Culverts,G3030.30,33 42 16
KEY WORD,UF NUMBER,MF NUMBER,KEY WORD
---,---,---,---
Forming and Accessories:,---,03 10 00,Convectors
See CIP Concrete,Cooling,D3030.70,23 82 33
Reinforcing: See CIP,---,03 20 00,Heating
Converters,Frequency,D5010.10,26 32 26
Rotary,D5010.10,26 32 29,Static Power
Static-Frequency,D5010.60,26 35 42,Conveying
"Equipment, Integrated",D8010.20,25 52 00,Automation Control
Horizontal,D1030,---,Vertical
Conveyors,D1050.40,41 21 00,Food Delivery
"Coolers, Walk-In",E1030.80,11 41 23,"Cooling Systems, HVAC"
Supplementary Components,D3030.90,---,"Cooling, HVAC"
Central,D3030.10,23 60 00,Decentralized
Towers,D3030.10,23 65 00,Utility Connection
"Copiers, Office",E1030.75,11 28 23,Copings
Horizontal Waterproofing,B3040.90,07 71 13,Roofing
Equipment Costs,Z1070.20,---,Facilities
Management,3010.10,---,Progress
Documentation,Z1020.30,01 32 00,Reporting
Schedule,Z1020.30,01 32 16,Temporary
Waste Management and,Z1070.30,01 74 19,Disposal
Consultants,2030.30,---,Containment Barriers
Contaminated,Site Material Removal,G1050.60,02 60 00
Site Special Procedures,Z1020.70,01 35 13.43,"Contingencies, Project, Budget"
Contingency Allowances,Z1010.10,01 21 16,Continuous Footings
Contract Modification,Z1010.60,01 26 00,Procedures
Contracting,Definitions,4030.10,00 71 00
Forms and Supplements,4010,00 50 00,Requirements
"Control House Equipment, Site",G4010.30,33 72 33,Electrical
Controlled Environment Rooms,F1010.50,13 21 00,Convection
Cooling Units,D3030.70,23 82 00,Heating Units
Custom Elevator Cabs and,D1010.10,14 27 00,Doors
KEY WORD,UF NUMBER,MF NUMBER,KEY WORD
---,---,---,---
Customer Relationship Management Software,D6010.50,27,Decontamination
Custom-Packaged Outdoor HVAC Equipment,D3050.50,23,75
"Cut and Cover, Tunnel",G9010.90,31,71
"Cutouts, Site Electrical",G4010.50,33,77
Cutting and Patching,Z1070.20,01,73
Demolition,F3010.70,02,41
Earth,G1070.80,36,73
Dampproofing,07,11,00
Exterior Wall,B2010.80,07,11
Standard Foundation,A1010.90,07,11
Subgrade Enclosure Wall,A2010.90,07,11
Darkroom,Exterior Balcony,B2080.50,05
"Doors, Interior",C1030.70,08,34
Processing Equipment,E1030.60,11,27
Data Communications,D6010,27,20
Desktops,D6010.20,07,22
Firewalls,D6010.10,27,21
Handhelds,D6010.20,07,22
Hardware,D6010.20,27,22
Integration Requirements,D6010.60,27,26
Laptops,D6010.20,07,22
Mainframes,D6010.20,07,22
Network Equipment,D6010.10,27,21
Network Management,D6010.10,27,21
Peripheral Data Equipment,D6010.30,27,24
Program and Integration Services,D6010.60,27,26
"Routers, CSU/DSU, Multiplexers, Codecs, and Modems",D6010.10,27,21
Servers,D6010.20,07,22
Software,D6010.50,27,25
Storage and Backup,D6010.20,07,22
Switches and Hubs,D6010.10,27,21
Wireless Access Points,D6010.10,27,21
Database Development,D6010.60,27,26
Software,D6010.50,27,25
"Deadend Structures, Site Electrical",G4010.30,33,72
Deaerators,D3020.10,23,53
Deal Drawers,E1040.60,11,18
Decentralized-HVAC Cooling,23,80,00
Heating,D3020.70,23,80
Deck Insulation,07,20,00
Horizontal Waterproofing,B3040.90,07,20
Roofing,B3010.90,07,22
Fuel-Gas,D7050.30,28,33
Fuel-Oil,D7050.40,28,34
KEY WORD,UF NUMBER,MF NUMBER,KEY WORD
---,---,---,---
Radiation,D7050.20,28 32 00,Heat Exchangers
Refrigeration,D7050.50,28 35 00,Heaters
Water Intrusion,D7050.60,23 36 00,Piping
Detention,Piping Specialties,D2010.40,22 11 19
Cell Modules,F1010.10,13 42 63,Pumps
"Doors, Exterior",B2050.40,08 34 63,Site
"Doors, Interior",C1030.70,08 34 63,Softeners
Equipment,E1040.70,11 19 00,Supplementary Components
Facility Special Procedures,Z1020.70,01 35 13.16,Door and Frame Protection
Furniture,E2050.30,12 55 00,Door Frames
Gun Lockers,E1040.70,11 19 16,Exterior
Lighting,D5040.50,26 55 23,Interior
Pass-Through Doors,E1040.70,11 19 13,"Doors and Grilles, Exterior"
Windows,---,08 56 63,Doors
Exterior,B2020.50,08 56 63,Exterior
Interior,C1020.50,08 56 63,Interior
Diesel Fuel,G3060.40,---,Dormitory
"Distribution, Site",G3060.40,33 52 19,"Piping, Site"
"Pumps, Site",G3060.40,33 52 19.23,"Storage Tanks, Site"
Digital,Addressable Fire-Alarm,D7050.10,28 31 11
Systems,Video Recorders and Analog,D7030.10,28 23 19
Recording Devices,Voice Announcers,D6020.50,27 35 13
"Direct Current Transmission,",G4010.20,33 71 53,Site Electrical
Directories,C1090.20,10 13 00,Disaster Recovery Equipment
Discreet-Distributed,D7070.10,28 46 29,Intelligence Detention
Monitoring and Control,Systems,Discreet-Logic Detention,D7070.10
Monitoring and Control,Systems,"Dishwashers, Commercial",E1030.80
Dry Cleaning Equipment,E1030.35,11 23 13,Disinfecting of Site Water
Cases,C1090.20,10 12 00,Casework
"Equipment, Refrigerated",E1030.30,11 22 00,Lighting
Turntables,D1030.30,14 73 59,"Disposers, Residential"
Communications and,D6060,27 50 00,Monitoring
27 53 00,"Distribution Systems, HVAC",D3050,---
---,Domestic Water Distribution,D2010,22 11 00
---,---,Filtration Equipment,D2010.20
KEY WORD,UF NUMBER,MF NUMBER,KEY WORD
---,---,---,---
Return Air,D3060.20,23 31 00,Electromagnetic Field Protection
Dumbwaiters,D1010.50,14 10 00,Interference Filters
"Dust Barriers, Temporary",Z1050.40,01 56 16,Electronic Air Cleaners
Dwelling Unit Modules,F1010.10,13 42 33,Communication Protocols
Early Streamer Emission Lightning Protection,D5080.10,26 41 19,Detention Monitoring and Control
Earth Dams,G1070.80,35 73 13,Digital Systems
Earth Movement Monitoring,F1080.60,---,Surveillance
Earth Stripping and Stockpiling,G1010.50,31 14 00,Electronic Personal Protection
"Earthwork, Site",G1070,31 20 00,Safety Alarm Annunciation and Control Systems
Educational and Scientific Equipment,E1040.10,11 50 00,Safety Detection Systems
Educational Casework,E2010.30,12 35 50,Safety Emergency Aid Devices
Furniture,E2050.30,---,Safety Interfaces to Remote Monitoring
"EIFS, Exterior Walls",B2010.10,07 24 00,Elastomeric Liquid Flooring
"Electric Distribution Systems, Site",G4010,---,Electronic Safety and Security
Electric Domestic Water Heaters,D2010.20,22 33 00,Supplementary Components
Electric Heating Boilers,D3020.10,23 52 13,Elevating Platforms
Electric Traction Elevators,D1010.10,14 21 00,Elevators
Equipment and Controls,D1010.10,14 28 00,Telephones
Temporary,Z1050.30,01 54 13,Email Software
Embankments,G1070.30,31 24 00,Emergency Access and Information Cabinets
Aid Specialties,C1090.60,10 43 00,Fixture Water-Tempering Equipment
Lighting,D5040.50,26 52 00,Plumbing Fixtures
Safety Appliances,E1040.10,11 53 33,Enclosures
"Substations, Site",G4010.30,33 72 00,"Switchgear and Protection Devices, Site"
"Systems, Integrated Automation Control",D8010.60,25 56 00,"Transformers, Site"
Wiring System,D5020.30,---,Electrical Service and Distribution
Supplementary Components,D5020.90,---,"Electrical Utility Poles, Site"
"Services, Site",G4010.10,33 71 73,"Towers, Site"
"Electricity Metering, Facility",D5020.10,26 16 00,Temporary
Entrance Doors,---,08 42 00,Exterior
KEY WORD,UF NUMBER,MF NUMBER,KEY WORD
---,---,---,---
Flooring,C2030.85,---,Expansion Control
Gratings,C2030.85,12 48 19,Exterior Wall
Grids,C2030.85,12 48 23,Floor Construction
Grilles,C2030.85,12 48 16,Horizontal Waterproofing
Mats and Frames,C2030.85,12 48 13,Interior Partitions
Tile,C2030.85,12 48 26,Roof Construction
Environmental,Roofing,B3010.90,07 71 29
Assessment Information,3040.40,00 31 24,Expansion Fittings and Loops
"Controls, Temporary",Z1050.50,01 57 19,Building Support Plumbing
Procedures,Z1020.70,01 35 43,"Distribution Systems, HVAC"
"Requirements, Facility",1030.53,01 81 16,Domestic Water
Epoxy-Marble Chip Flooring,C2030.70,09 67 16,Fire Suppression
Equipment,E10,11 00 00,Sanitary Drainage
Screens,B2010.60,---,Exterior
Equipment and Furnishings,E,---,Bulkheads
Erection,Z1070.20,01 73 16,Ceilings
Erosion and Sedimentation,G1070.35,31 25 00,"Enclosures, Overhead"
Controls,Finish Carpentry,B2010.10,06 20 13
Temporary,Z1050.50,01 57 13,Gas Lighting
Escalation Contingencies,Z9050.50,01 21 16,Grilles
Escalators,D1010.30,14 31 00,Horizontal Enclosures
Escape Chutes,D1050.60,14 91 23,Insulation and Finish
Evaporative Air-Cooling,D3030.30,23 76 00,Systems
Examination and Preparation,Z1070.10,01 71 00,Louvers and Vents
Examination and Treatment,E1040.20,11 72 00,Opening Protection Devices
Equipment,Protection,B2080.30,10 71 00
"Excavation and Fill, Site",G1070.20,31 23 00,Signage
Excavation,Soffits,B3080.20,---
Rock Anchors,A9030.10,31 51 16,Steps and Ramps
Soil Anchors,A9030.10,31 51 13,Sun Control Devices
Site,G1070.20,31 23 16,Vertical Enclosures
Substructure,A9010,31 23 16,Exterior Athletic
"Support, Substructure",A9030,31 50 00,Equipment
Tunnel,G9010.90,31 71 00,Lighting
Execution,Z1070.20,01 73 00,Exterior Doors
Execution and Closeout,Z1070,01 70 00,Supplementary Components
Requirements,Exterior Wall,B2010,---
Exercise Equipment,E1070.50,11 66 13,Air Barrier
Exhaust Air,D3060.30,---,Appurtenances
Duct Accessories,D3060.30,23 33 00,Construction
Ducts and Casings,D3060.30,23 31 00,Dampproofing
HVAC Fans,D3060.30,23 34 00,Expansion Joints
Inlets,D3060.30,23 37 00,Grouting
Plenums and Chases,D3060.30,23 32 00,Insulation
Exhibit,Interior Skin,B2010.30,---
Equipment,E1040.10,11 59 00,Specialties
Turntables,D1030.30,14 73 00,Vapor Retarder
Existing Conditions,1040,02 00 00,Veneer
Assessment,1040.30,02 22 00,Weather Barrier
Information,3040.30,00 31 19,Exterior Wall Opening
Existing Hazardous Material,3040.50,00 31 26,Joint Sealants
Existing Material,Lintels,B2010.90,---
Assessment,1040.30,02 25 00,Sills
Information,3040.45,00 31 25,Exterior Windows
"Existing Products, Installation",Z1070.20,01 73 26,Supplementary Components
Exit Signs,D5040.50,26 53 00,External Devices
KEY WORD,UF NUMBER,MF NUMBER,KEY WORD
---,---,---,---
Extra Stock Materials,Z1070.70,01 78 46,Fans
Eye/Face Wash Equipment,D2010.60,22 45 26,HVAC
Eyewash Equipment,D2010.60,22 45 16,Residential Ceiling
F,"Fats, Oils, and Grease",D2020.30,22 13 19.23
Disposal Systems,Fabric Structures,F1020.10,13 31 00
"Faucets, Healthcare",D2010.60,22 43 39,Fabricated Exterior Wall
Assemblies,"Feedwater Equipment, Heating",D3020.10,23 53 00
Faced Panel Assemblies,B2010.40,07 44 63,Fees
Wall Panel Assemblies,B2010.40,07 42 63,Fees and Contingencies
Fabricated Rooms,F1010.50,13 20 00,Fences and Gates
Fabrications,Recreational Court,G2050.30,32 31 13.23
Exterior,B2080.70,---,Temporary
Interior,C2020,---,Tennis Court
Fabricator Qualifications,Z1040.40,01 43 19,Fiber Soil Reinforcement
Fabric-Wrapped Wall Panels,C2010.60,09 77 23,Field
Facade,Engineering,Z1070.10,01 71 23
Access Equipment,D1080.50,11 24 23,Offices and Sheds
Support Truss Assemblies,B2010.10,05 19 13,Orders
Faced Panels,---,07 44 00,Quality Control Procedures
Exterior Bulkheads,B3080.30,07 44 00,Samples
Exterior Ceilings,B3080.10,07 44 00,"Services, Manufacturer’s"
Exterior Soffits,B3080.20,07 44 00,Sport Surfacing
Exterior Walls,B2010.10,07 44 00,Supervision
Facility,Test Reporting,Z1020.50,01 33 19
Decommissioning,Z1090.80,01 94 00,"Fill, Site"
Procedures,Z1090.80,01 94 13,Film Transfer Cabinets
Fuel Systems,D3010,23 10 00,"Filtration Equipment, Domestic"
Fuel-Oil Pumps,D3010.30,23 12 13,Water
Gasoline Dispensing Pumps,D3010.30,23 12 16,Final
Grounding,D5020.70,26 05 26,Cleaning
HVAC Distribution Systems,D3050,---,Closeout Review
Hydronic Distribution,D3050.10,---,Site Survey
Maintenance,Z1090.50,01 93 00,Financing
Procedures,Z1090.50,01 93 13,Operation
Procedures,Z1090.30,01 92 13,"Packaged, Sewerage"
Pumping Stations,Potable-Water Storage,D2010.10,22 12 00
Tanks,Program,1020.50,---
Remediation,F20,---,Septic Tanks
Services Coordination,Z1020.10,01 31 14,Shell Commissioning
Steam Distribution,D3050.30,---,Stormwater Drains
Substructure Commissioning,Z1090.10,01 91 16,Facility Power Generation
Supplementary Components,D5010.90,---,Facsimiles and Modems
Servers,D6020.30,27 33 26,Fan Coil Units
Cooling,D3030.70,23 82 19,Heating
Fire Detection Sensors,D7050.10,28 31 43,Fire Escapes
Fire Extinguishers,D4030.30,10 44 16,Accessories
KEY WORD,UF NUMBER,MF NUMBER,KEY WORD
---,---,---,---
Fire Hydrants,---,33 12 19,Supplementary Components
Site Domestic Water,G3010.10,33 12 19,Floor
Site Fire Protection,G3010.30,33 12 19,Fire Protection
Cabinets,D4030.10,10 44 13,Joists
Specialties,D4030,10 44 00,Sockets
Temporary,Z1050.10,01 51 16,Structural Frame
Fire Pumps,D4010.10,21 30 00,Trusses
Fire Suppression,D4010,21 00 00,Flooring
Supplementary Components,D4010.90,---,Access
Fire-Extinguishing,D4010.50,21 20 00,Entrance
Fireplaces and Stoves,C1090.50,10 30 00,Supplementary Components
Specialties,C1090.50,10 32 00,Treatment
Fireproofing,---,07 80 00,Flowable Fill
Floor Construction,B1010.90,07 80 00,Fluid-Applied Flooring
Roof Construction,B1020.90,07 80 00,Athletic
Firestopping,---,07 84 00,Flushometers
Floor Construction,B1010.90,07 84 00,Healthcare
Interior Partitions,C1010.90,07 84 00,Security
Roof Construction,B1020.90,07 84 00,Foam-Water Systems
"Fire-Suppression, Water-Based",D4010.10,21 10 00,Piping
Sprinkler Systems,D4010.10,21 13 00,Sprinkler Systems
Standpipes,D4010.10,21 12 00,Water Storage
"Fire Suppression Systems, Integrated Automation Control",D8010.30,25 53 00,First Aid Facilities
Fixed Furnishings,E2010,---,"Grilles and Screens, Exterior"
"Partitions, Interior",C1010.10,---,"Windows, Exterior"
"Windows, Interior",C1020.20,08 50 00,Flagpoles
Flags and Banners,C1090.90,10 83 00,Flashing
Exterior Wall Openings,B2010.90,07 60 00,Horizontal Openings
Flat Fillers,E1090.40,11 93 26,Flexible Flashing
Horizontal Waterproofing,B3040.90,07 65 00,Roofing
Flexible Pavement,---,32 12 00,Aviation
Parking Lot,G2020.10,32 12 00,Pedestrian
Roadway,G2010.10,32 12 00,Flexible Wood Sheet Wall Covering
Flood Lighting,G4050.20,26 56 36,Floor and Wall Cleaning Equipment
Floor Construction,B1010,---,Balcony
KEY WORD,UF NUMBER,MF NUMBER,KEY WORD
---,---,---,---
Foundations,A10,---,Integrated Audio Evacuation Systems
Anchors,A1020.40,31 68 00,Fuel-Oil Detection and Alarm
Column,A1010.30,---,GUI and Logic Systems
Drainage,A6010.10,33 46 13,Integrated Audio Evacuation Systems
Raft,A2010.60,03 71 00,Detection Sensors
Special,A1020,31 60 00,"Piping, Site"
Standard,A1010,---,"Pumps, Site"
Walls,A1010.10,---,"Storage Tanks, Site"
Fountains,---,---,Fume Hood Exhaust
Equipment,G2060.10,---,"Fume Hoods, Laboratory"
Exterior,G2060.10,---,Functional Towers
Interior,F1050.20,---,Funding
Exterior,G2060.10,13 12 13,Budget
Interior,F1050.20,13 12 23,Cash Flow
Piping System,---,22 52 13,Sources
Exterior,G2060.10,22 52 13,Funiculars
Interior,F1050.20,22 52 13,Furnaces
Plumbing Systems,---,22 52 00,Furnishings
Exterior,G2060.10,22 52 00,Accessories
Interior,F1050.20,22 52 00,Movable
Pumps,---,22 52 16,Site
Exterior,G2060.10,22 52 16,Furniture
Interior,F1050.20,22 52 16,"Fuses, Site Electrical"
Specialties,---,---,"Fusible Interrupter Switchgear, Site Electrical"
Water Treatment,---,22 52 19,Gabions
Exterior,G2060.10,22 52 19,Boxes
Framed Fabric Structures,F1020.10,13 31 33,Mattresses
Framed Skylights,B3060.10,---,Retaining Walls
Frames,---,---,Game Room Equipment
Exterior Doors,B2050.90,08 10 00,"Garment Conveyors, Hanging"
Horizontal Openings,B3060.90,---,Gas Containment
Interior Doors,C1030.90,08 10 00,"Distribution, Site"
Interior Windows,C1020.90,08 50 00,Equipment
"Freezers, Walk-In",E1030.80,11 41 26,"Lighting, Exterior"
Freight Elevators,D1010.10,14 20 00,"Lighting, Interior"
Frequency Converters,D5010.10,26 32 26,Fuel
Cells,D5010.40,48 18 00,"Distribution, Site"
Heat Generation,D3020.10,---,Storage Tanks
"Oil, Temporary",Z1050.10,01 51 19,Utility Connection
Piping,D3010.10,23 11 00,Gas Systems
Pumps,D3010.30,23 12 00,Healthcare
Storage Tanks,D3010.50,23 13 00,Laboratory
Fuel-Fired,---,---,Gasoline
Domestic Water Heaters,D2010.20,22 34 00,"Piping, Site"
Heaters,D3020.10,23 55 00,"Pumps, Site"
Heating Boilers,D3020.10,23 52 00,"Storage Tanks, Site"
Fuel-Gas Detection and Alarm,D7050.30,28 33 00,Gas-Phase Air Filtration
Detection Sensors,D7050.30,28 33 33,GUI and Logic Systems
KEY WORD,UF NUMBER,MF NUMBER,KEY WORD
---,---,---,---
Exterior,B2050.70,"Partitions, Interior",C1010.20
Parking,G2020.80,11 12 33,Structures
Pedestrian,G2030.80,11 14 13,Glazing
Interior,C1040.50,Exterior,08 80 00
Parking,E1010.30,11 12 33,Doors
Pedestrian,E1010.70,11 14 13,Windows
Operators,G2060.20,32 31 11,Horizontal Openings
Recreational Court,G2050.30,32 31 13.23,Interior
Roadway Vehicle Fare,G2010.80,34 52 33,Doors
Tennis Court,G205010,32 31 13.26,Windows
General,Z,Commissioning,Z1090.10
Requirements,Conditions,4030.30,00 72 00
Requirements,Z10,01 00 00,General Purpose Electrical
Packaged Air Compressors,D2050,22 15 19,and Receivers
Piping,D2050,22 15 13,Valves
General-Duty Valves,Cooling System,D3030.90,23 05 23
Distribution Systems,D3050.90,23 05 23,Fire Suppression
Heating System,D3020.90,23 05 23,Geodesic
Domes,F1020.30,13 33 13,Structures
Geofoam,G1070.20,31 23 23.43,Geophysical
Data,3040.55,00 31 31,Investigations
Geosynthetic,Slope Protection,G1070.55,31 35 19
Soil Reinforcement,G1070.50,31 34 19,Soil Stabilization
Geotechnical,Data,3040.60,00 31 32
Engineers,2030.30,Investigations,1040.50
Geotextile Subsurface,G3030.60,33 46 26,Drainage Filtration
Floor,B1010.10,Roof,B1020.10
Exterior Fabrications,B2080.70,03 49 00,Interior Fabrications
Ground Covers,G2080.30,32 93 13,Ground Freezing
KEY WORD,UF NUMBER,MF NUMBER,KEY WORD
---,---,---,---
Grounding and Bonding,Process Support Plumbing,D2060.90,22 05 29
Communications,D6090.10,27 05 26,Sanitary Drainage
Communications Distribution,G5010.30,33 82 43,Ventilation
Electrical Service and Distribution,D5020.90,26 05 26,Hardware
Electronic Safety and Security,D7090.10,28 05 26,Exterior
Facility Power Generation,D5010.90,26 05 26,Doors
General Purpose Power,D5030.90,26 05 26,Windows
Integrated Automation,D8010.90,27 05 26,Horizontal Openings
Lighting,D5040.90,26 05 26,Interior
Miscellaneous Electrical,D5080.90,26 05 26,Hard-Wired Detention
"Grounding, Site",G4010.70,33 79 00,Monitoring and Control
Ground-Set Flagpoles,G2060.35,10 75 16,Groundwater Treatment
Grouting,03 60 00,Hat and Coat Racks,C1090.70
Exterior Wall,B2010.80,03 60 00,"Hatches, Roof"
Floor Construction,B1010.90,03 60 00,Haul Routes
Roof Construction,B1020.90,03 60 00,Hazard Warning Lighting
Gun Ports,E1040.60,11 18 16,Hazardous Materials
Remediation,F2010,02 80 00,Requirements
Hazardous Waste,Drum Handling,G1050.50,02 86 00
Recovery Processes,G1050.60,02 62 00,"Health, Safety, and Emergency"
Casework,E2010.30,12 35 70,Chemical-Waste Systems
Communications and Monitoring,D6060.30,27 52 00,Compressed-Air Systems
Equipment,E1040.20,11 70 00,Facility Special Procedures
Furniture,E2050.30,12 56 70,Gas Systems
Hand-Held Emergency Drench Hoses,D2010.60,22 45 29,Imaging Systems
Handling of Lighting Ballasts and Lamps Containing,F2010.40,02 84 16,Mercury or PCB
Hangar Doors,B2050.30,08 34 16,Hangers and Supports
Building Support Plumbing,D2030.90,22 05 29,Heat Exchangers
Communications,D6090.10,27 05 29,Cooling System
Distribution Systems,D3050.90,23 05 29,Domestic Water
Electrical Service and Distribution,D5020.90,26 05 29,HVAC
Facility Power Generation,D5010.90,26 05 29,Heat Generation
Domestic Water,D2010.90,22 05 29,Biomass
Electrical Service and Distribution,D5020.90,26 05 29,Fuel-Fired
Facility Power Generation,D5010.90,26 05 29,Geothermal
Solar,D3020.10,23 56 00,Heat Pumps
General Purpose Power,D5030.90,26 05 29,Air-Source
Heating System,D3020.90,23 05 29,Unitary
Lighting,D5040.90,26 05 29,Water-Source
KEY WORD,UF NUMBER,MF NUMBER,KEY WORD
---,---,---,---
Heat Tracing,Membrane,B3040.30,07 10 00
Building Support Plumbing,D2030.90,22 05 33,Sheet Metal Flashing and Trim
Distribution Systems,D3050.90,23 05 33,Substrate Board
Domestic Water,D2010.90,22 05 33,Vapor Retarder
Fire Suppression,D4010.90,21 05 33,Horticultural Equipment
Process Support Plumbing,D2060.90,22 05 33,Hospital Unit Modules
"Heaters, Domestic Water",D2010.20,22 33 00,Hospitality Casework
Heating Boilers,D3020.10,23 52 00,Equipment
Electric,D3020.10,23 52 13,Furniture
Feedwater Equipment,D3020.10,23 53 00,Turntables
Fuel-Fired,D3020.10,23 52 00,Hot Tubs
Heating Solar Collectors,D3020.10,23 56 13,Hotel and Motel Furniture
Heating Systems,D3020,---,Housekeeping Carts
Supplementary Components,D3020.90,---,Humidity Control
Heating Utility Connection,G3050.10,---,HVAC
"Heating, Cooling, and Ventilating, Temporary",Z1050.10,01 51 23,Air Cleaning
"Heating, Ventilation, and Air Conditioning: See HVAC",D30,23 00 00,Cleaning Devices
Heavy Timber,Distribution,D3050.50,---
Distribution Components,D3050.50,23 30 00,Ducts and Casings
Heat Exchangers,D3020.10,23 57 00,"Systems, Integrated"
Automation Control,HVAC Fans,D3050.50,23 34 00
Exhaust Air,D3060.30,23 34 00,Outside Air
Return Air,D3060.20,23 34 00,Supply Air
Hydraulic Elevators,14 24 00,Freight,D1010.10
Passenger,D1010.10,14 24 23,Residential
Service,D1010.10,14 24 43,Helipad Lighting
High Energy Magnetic Pulse Protection,F1030.50,---,Hydro-Mulching
"Hydronic Cooling Distribution, Site",G3050.40,33 61 00,"Distribution, Facility"
"Heating Distribution, Site",G3050.10,33 61 00,Piping
Pumps,D3050.10,23 21 23,Hydroponic Growing Systems
Hydro-Turbine Generators,D5010.10,26 32 19,Horizontal Conveying
"Horizontal Enclosures, Exterior",B30,---,Traffic Bearing
Horizontal Openings,B3060,---,Supplementary Components
Horizontal Waterproofing,Copings,B3040.90,07 71 13
Counterflashing Systems,B3040.90,07 71 16,Deck Insulation
Expansion Joints,B3040.90,07 71 29,Flexible Flashing
KEY WORD,UF NUMBER,MF NUMBER,KEY WORD
---,---,---,---
Electrical Service and Distribution,D5020.90,26 05 53,Instrumentation and Control
Electronic Safety and Security,D7090.10,27 05 53,Cooling System
Facility Power Generation,D5010.90,26 05 53,Domestic Water Systems
Fire Suppression,D4010.90,21 05 53,Electrical Service and Distribution
Integrated Automation,D8010.90,27 05 53,General Purpose Power
Heating System,D3020.90,23 05 53,Lighting
Miscellaneous Electrical,D5080.90,26 05 53,Process Support Plumbing
Sanitary Drainage,D2020.90,22 05 53,Liquid and Gas Site Utilities
Ventilation,D3060.90,23 05 53,Miscellaneous Electrical
Impact Attenuating Devices,G2010.40,34 71 16,Process Support Plumbing
Incineration Decontamination,G1050.20,02 53 13,Sanitary Drainage
Incinerators,E1090.10,11 81 19,Site Lighting
Indoor Air Quality,Ventilation,D3060.90,23 09 00
Procedures,Z1020.70,01 35 46,"Instrumentation, Special Requirements"
Indoor Central-Station Air-Handling Units,D3050.50,23 73 00,Insulation
Indoor Soccer Boards,F1060.10,13 28 13,Cooling System
Induction Units,Distribution Systems,D3050.90,23 07 00
Cooling,D3030.70,23 82 26,Domestic Water
Heating,D3020.70,23 82 26,Exterior Wall
Industrial,Fire Suppression,D4010.90,21 07 00
"Doors, Interior",C1030.70,08 34 19,Floor Construction
Exterior,B2050.40,08 34 19,Heating System
Furniture,E2050.30,12 57 00,Process Support Plumbing
Turntables,D1030.30,14 71 00,Roof Construction
Infection Control Procedures,Z1020.70,01 35 33,Sanitary Drainage
Information,Slab-On-Grade,A4090.10,07 21 00
Environmental Assessment,3040.40,00 31 24,Standard Foundation
Existing Condition,3040.30,00 31 19,Subgrade Enclosure Wall
Existing Hazardous Material,3040.50,00 31 26,Ventilation
Existing Material,3040.45,00 31 25,"Insulators and Fittings, Site Electrical"
Geophysical Data,3040.55,00 31 31,Integrated Audio-Video Systems and Equipment
Geotechnical Data,3040.60,00 31 32,Integrated Automation
Specialties,C1090.20,10 10 00,Control of Communication Systems
Survey,3040.35,00 31 21,Interactive Voice Response
Infrared and Radio Frequency Tracking Systems,D6060.50,27 53 16,Electrical Systems
Infrared Transmitter and Receivers,G5010.50,33 83 19,Electronic Safety and Security Systems
Infrastructure Demolition,G1020.30,---,Equipment
"Inlets, Exhaust Air",D3060.30,23 37 00,Facility Controls
Insect Control Devices,C1090.90,10 81 16,Installation
Fire-Suppression Systems,D8010.30,25 53 00,HVAC Systems
Installer Qualifications,Z1040.40,01 43 23,Plumbing Systems
Institutional Equipment,E1040,11 50 00,Furniture
Instructions,3030.10,00 21 00,Procurement
KEY WORD,UF NUMBER,MF NUMBER,KEY WORD
---,---,---,---
"Interceptors, Sanitary Waste",D2020.10,22,Remote Devices and
Intercommunications and,D6060.10,27,Sensors
Program Systems,Systems Infrastructure,D7010.50,28
Interior,Investigations,---,---
Construction,C10,---,Geophysical
Demountable Partitions,C1010.40,10,Geotechnical
Designers,2030.20,---,Subsurface
Door Frames,C1030.90,08,Invitations
Door Glazing,C1030.90,08,Ion Change Decontamination
Door Hardware,C1030.90,08,"Ironing Equipment, Commercial"
Door Louvers,C1030.90,08,Irrigation
Door Specialty Frames,C1030.90,08,Agricultural
Doors,C1030,08,Planting
Finish Schedules,C2090,---,Pumps
Finishes,C20,---,J
Fixed Partitions,C1010.10,---,Joint Sealants
Gas Lighting,C1090.45,10,Exterior Wall Openings
Glazed Partitions,C1010.20,---,Horizontal Openings
Lighting,D5040.50,26,Joists
Money-Changing Equipment,E1010.70,11,Floor
Operable Partitions,C1010.50,---,Roof
Control Equipment,E1010.30,11,Kilns
Fee Collection Equipment,E1010.30,11,"Kiosks, Informational"
Gates,E1010.30,11,"Kitchen Appliances, Residential"
Key and Card Control,E1010.30,11,L
Meters,E1010.30,11,Casework
Ticket Dispensers,E1010.30,11,Chemical-Waste Systems
"Planters and Artificial Plants,",E2050.90,12,Compressed-Air Systems
Movable,Equipment,E1040.10,11
Railings and Handrails,C1090.10,---,Fume Hoods
Scoreboards,E1070.50,11,Furniture
Screens,C1010.70,---,Gas Systems
"Skin, Subgrade Enclosure",A2010.20,---,Incubators
Wall,Processed Water Systems,D2060.50,22
Specialties,C1090,---,Refrigerators
Windows,C1020,08,Sterilizers
Interior Partitions,C1010,10,Vacuum Systems
Supplementary Components,C1010.90,---,Ladders
Interior Pedestrian,Roof,B3020.10,05
Control Equipment,E1010.70,11,"Lagoons, Sanitary Sewerage"
Detection Equipment,E1010.70,11,Land/Project Development
Fare Collection Equipment,E1010.70,11,Landfill Construction and
Gates,E1010.70,11,Storage
Security Equipment,E1010.70,11,Landscape
Interiors,C,---,Architects
Commissioning,Z1090.10,01,Edging
"Internal Cellular, Paging, and",D6060.50,27,Lighting
Antenna Systems,Timbers,G2080.50,32
Internet,Landscaping,G2080,---
Conferencing Software,D6010.50,27,"Accessories, Interior Fixed"
Protocol Voice Switches,D6020.10,27,"Accessories, Interior Movable"
Intrusion Detection,D7010.50,28,Activities
KEY WORD,UF NUMBER,MF NUMBER,KEY WORD
---,---,---,---
Laser Transmitter and Receivers,G5010.50,33 83 13,Site
Laundry Accessories,C1090.40,10 28 23,"Lightproof Doors, Interior"
Laundry Chutes,D1050.60,14 91 33,"Lights, Loading Dock"
Lightweight Concrete Roof,B1020.20,03 52 00,Insulation
Limited-Use/Limited Application,D1010.10,14 26 00,Elevators
"Equipment, Coin-Operated",E1030.35,11 23 33,Laundry Trays
Commercial,D2010.60,22 42 36,Linen Chutes
Residential,D2010.60,22 41 36,"Lintels, Exterior Wall Openings"
Liquefied Petroleum Gas,G3060.10,---,"Distribution, Site"
Liquid and Gas Site Utilities,G30,---,Supplementary Components
Loading Bridges,D1030.50,34 77 13,Aircraft Passenger
Ship Passenger,D1030.50,34 77 13,Loading Dock Equipment
Bumpers,E1010.50,11 13 13,Levelers
Lifts,E1010.50,11 13 19.23,Lights
Seals and Shelters,E1010.50,11 13 16,Loans
Construction,2090.10,---,Permanent
Locker Room Benches,C1090.70,10 51 53,Lockers
Furniture,E2050.30,12 56 51,Louvered Equipment
Stack Systems,E1040.10,11 51 23,Enclosures
License Fees,Z7030,---,Life Cycle Activities
Lifts,D1010.20,14 40 00,Loading Dock
Mortuary,E1040.20,11 78 19,Interior
Interior Doors,C1030.90,08 91 26,Lighting
Low Pressure Sanitary,G3020.20,33 33 00,Sewerage
Airfield,G2040.70,26 56 00,Area
Control,D5040.10,26 09 23,Control Devices
Control Panels,D5040.10,26 09 26,Magnesium-Oxychloride
Fixtures,D5040.50,26 50 00,Flooring
Flood,G4050.20,26 56 36,Mail
Interior,D5040.50,26 51 00,Landscape
Parking Lot,G2020.70,26 56 16,Playfield
Plaza and Walkway,G2030.70,26 56 33,"Poles and Standards, Site"
Recreational Area,G2050.30,26 56 00,Communications
Roadway,G2010.70,26 56 19,Liquid and Gas Site Utilities
Site,G4050,26 56 00,Sanitary Drainage
Supplementary Components,D5040.90,---,Sewerage
Temporary,Z1050.10,01 51 26,Site Electrical
Lightning Protection,D5080.10,26 41 00,Dissipation
Structures,D5080.10,26 41 13,Surge Arresters and Suppressors
KEY WORD,UF NUMBER,MF NUMBER,KEY WORD
---,---,---,---
Masonry Exterior Wall,B2010.10,04 70 00,Canopy Construction
Veneer,Floor Construction,B1010.10,05 20 00
Rooms,F1010.50,13 20 00,Mezzanine Construction
Manufacturer,Ramps,B1010.50,05 20 00
Engineered Structures,F1020.40,13 34 00,Roof Construction
Field Services,Z1040.40,01 43 33,Metal Railings
Qualifications,Z1040.40,01 43 13,Exterior Balcony
Markerboards,C1090.20,10 11 16,Interior
Masonry,Metal Stairs,B1080.10,05 51 00
Fireplaces,C1090.50,04 57 00,Railings
Flooring,C2030.40,09 63 00,Treads and Nosings
Stair finish,C2040.40,09 63 00,Metal Supports
"Veneer, Exterior Walls",B2010.10,04 26 13,Electrical Service and Distribution
Master Antenna Television Systems,D6030.10,27 41 33,Facility Power Generation
Material Handling,D1050,---,General Purpose Power
Mechanical Filtration,G1050.10,02 51 23,Lighting
Decontamination,Metal-Framed Skylights,B3060.10,08 63 00
Mechanical Metal Supports,---,05 45 13,Metal-Web Wood Joists
Building Support Plumbing,D2030.90,05 45 13,Floor
Cooling System,D3030.90,05 45 13,Roof
Distribution Systems,D3050.90,05 45 13,Meteorological Instrumentation
Domestic Water,D2010.90,05 45 13,Meters and Gages
Fire Suppression,D4010.90,05 45 13,Building Support Plumbing
Heating System,D3020.90,05 45 13,Cooling System
Process Support Plumbing,D2060.90,05 45 13,Distribution Systems
Sanitary Drainage,D2020.90,05 45 13,Domestic Water
Ventilation,D3060.90,05 45 13,Fire Suppression
Medical Sterilizing Equipment,E1040.20,11 71 00,Heating System
"Meetings, Project",Z1020.10,01 31 19,Sanitary Drainage
MEP Engineers,2030.20,---,Methane Mitigation
Mercantile and Service Equipment,E1030.10,11 21 00,Methods of Payment
Mercantile Storage Assemblies,C1090.70,10 56 33,Microwave Transmitter and Receivers
Metal,---,05 00 00,Balconies
Bollards,G2060.85,32 39 13,Minor Changes in the Work
Building Systems,F1020.40,13 34 19,"Mirrors, Unframed"
Catwalks,B1080.70,05 51 36.13,Miscellaneous Electrical Systems
Crib Retaining Walls,G2060.60,32 32 26,Supplementary Components
Detention Enclosures,F1010.50,05 59 63,Doors: See Exterior and Interior Doors
Exterior Fabrications,B2080.70,05 50 00,Mitigation
"Fabrications, Interior",C2020,05 50 00,Gas
Floor Decking,B1010.20,05 30 00,Methane
Gratings,B1080.70,05 53 00,Off-Gassing
Ramps,B1010.50,05 51 36.16,Radon
Roof Decking,B1020.20,05 30 00,Water
Walkways,B1080.70,05 51 36,Mobilization
Windows: See Exterior and Interior Windows,---,08 51 00,Mockups
Metal Furring,---,09 22 13,Modems
Metal Joists,---,05 20 00,Modifications
Balcony Construction,B1010.30,05 20 00,Dimming Control
Mezzanines,F1010.70,13 44 00,Service Walls
KEY WORD,UF NUMBER,MF NUMBER,KEY WORD
---,---,---,---
Mold Remediation,F2010.50,02 85 00,Office
Clearance Air Sampling,F2010.50,02 85 19,Accessories
Preparation and,F2010.50,02 85 16,Equipment
Containment,Furniture,E2050.30,12 51 00
Money Cart Pass-Through,E1030.25,11 17 33,Seating
Money Handling Equipment,E1030.25,11 17 23,Shelters and Booths
Money-Changing Equipment,---,11 14 16,"Openings, Horizontal"
Exterior,G2030.80,11 14 16,Operable
Interior,E1010.70,11 14 16,Access Systems
Monorails,D1030.70,34 12 00,"Partitions, Interior"
Mortuary,Operating Room Equipment,E1040.20,11 76 00
Equipment,E1040.20,11 78 00,Operating System Software
Lifts,E1040.20,11 78 19,Operating Windows
Refrigerators,E1040.20,11 78 13,Exterior
Motor-Control Centers,D5020.30,26 24 19,Interior
Movable Furnishings,E2050,---,Operation and Maintenance
Ramps,D1010.60,14 33 00,Optical Fiber Communications
Walks,D1030.10,14 32 00,Distribution Cabling
"Mud Slab, Slab-On-Grade",A4090.50,03 30 00,Optometry Equipment
Multi-Leaf Vertical Lift Doors,---,08 36 19,Orchestra Lifts
Exterior,B2050.30,08 36 19,Organic Decontamination
Interior,C1030.50,08 36 19,Organs
Multiple Contracts,3010.30,---,Ornamental Woodwork
Coordination,Z1020.10,01 31 16,Exterior Fabrications
Summaries,1010.30,01 12 00,Interior
Multiple Seating,---,12 60 00,Other
Fixed,E2010.70,12 60 00,Fixed Furnishings
Movable,E2050.60,12 60 00,Interior Specialties
Multiple-Use Seating,---,12 65 00,Movable Furnishings
Fixed,E2010.70,12 65 00,Outlets and Inlets
Portable,E2050.60,12 65 00,Air
Murals,E2010.10,12 11 00,Outside Air
Musical Equipment,E1070.20,11 62 00,Return Air
N,Supply Air,D3060.10,23 37 00
Natural-Gas Distribution,G3060.10,33 51 00,Outside Air
Temporary,Z1050.10,01 51 29,Duct Accessories
Nautical Flagpoles,G2060.35,10 75 19,Ducts and Casings
Network,HVAC Fans,D3060.40,23 34 00
Integration Requirements,D6010.60,27 26 23,Outlets and Inlets
Lighting Control,D5040.10,26 09 43,Plenums and Chases
Neutralization Decontamination,G1050.15,02 52 19,Terminal Units
"Noise Barriers, Temporary",Z1050.40,01 56 19,"Ovens, Commercial"
Notice of Award,4010.10,00 51 00,Overhead
Notice to Proceed,4010.50,00 55 00,Overhead Exterior Enclosures
Nuclear Radiation Protection,F1030.50,---,"Oversize Doors, Exterior"
Number of Construction,3010.30,---,Owner
Contracts,Activities,2050,---
Nurse Call/Code Blue Systems,D6060.30,27 52 23,Development
O,Safety Requirements,Z1020.70,01 35 23
Owner’s Work,1050,01 11 16,Owner-Build
"Observation Windows, Interior",C1020.50,---,Owner-Furnished Products
Observatories,F1020.40,13 34 56,Equipment
Obstruction Lighting,D5040.50,26 55 36,Off-Gassing Mitigation
KEY WORD,UF NUMBER,MF NUMBER,KEY WORD
---,---,---,---
Packaged,"Partitions, Interior",C1010,10 22 00
Compressor and Condenser,D3030.10,23 62 00,Demountable
Units,Fixed,C1010.10,---
Generator Assemblies,D5010.10,26 32 00,Glazed
Outdoor HVAC Equipment,D3050.50,23 74 00,Operable
Solar Heating Equipment,D3020.10,23 56 16,Pass Windows
Terminal Air-Conditioners,D3030.70,23 81 13,Exterior
Submersible Sewerage Pump,D2020.10,22 13 33,Interior
Units,Passenger Elevators,D1010.10,14 21 00
Wastewater Pump Units,D2020.10,22 13 36,Loading Bridges
Packaging Equipment,E1030.70,11 29 23,Passive Cathodic Protection
Paging Systems,D6060.10,27 51 13,for Underground and Submerged Piping
Painting and Coating,---,09 90 00,Underground Storage Tanks
Ceilings,C2050.70,09 90 00,Pathways
Exterior Bulkheads,B3080.30,09 90 00,Communications
Ceilings,B3080.10,09 90 00,Electronic Safety and Security
Soffits,B3080.20,09 90 00,Integrated Automation
Walls,B2010.10,09 90 00,Patient Bed Service Walls
Wall,C2010.70,09 90 00,Care Equipment
Paintings,E2010.10,12 12 00,Monitoring and Telemetry Systems
Panel Doors,---,08 36 00,"Pavement Appurtenances, Aviation"
Exterior,B2050.30,08 36 00,Aviation
Interior,C1030.50,08 36 00,"Curbs and Gutters, Aviation"
"Parking Areas, Temporary",Z1050.35,01 55 19,Markings
"Parking Bumpers, Parking Lot",G2020.40,32 17 13,Airfield
Parking Control Equipment,---,11 12 00,Parking Lot
Exterior,G2020.80,11 12 00,Pedestrian
Interior,E1010.30,11 12 00,Roadway
Parking Fee Collection Equipment,---,11 12 26,Parking Lot
Exterior,G2020.80,11 12 26,Pedestrian
Interior,E1010.30,11 12 26,Roadway
Parking Gates,---,11 12 33,Snow Melting
Exterior,G2020.80,11 12 33,"Pavers, Roofing"
Interior,E1010.30,11 12 33,"Paving, Slope Protection"
Parking Key and Card Control Units,---,11 12 13,Payment Procedures for Testing Laboratory Services
Exterior,G2020.80,11 12 13,PDX/Key Systems
Parking Lots,G2020,---,Pedestrian Bridges
Appurtenances,G2020.40,32 17 00,Plazas and Walkways
Curbs and Gutters,G2020.20,32 16 13,Tunnels
Lighting,G2020.70,26 56 16,Pedestrian Control Equipment
Pavement,G2020.10,32 10 00,Exterior
Parking Meters,---,11 12 23,Interior
Parking Ticket Dispensers,---,11 12 16,Pedestrian Detection Equipment
Exterior,G2020.80,11 12 16,Interior
Particulate Air Filtration,D3050.50,23 41 00,Interior
KEY WORD,UF NUMBER,MF NUMBER,KEY WORD
---,---,---,---
Pedestrian Fare Collection,---,11 14 26,Walls
Equipment,Windows,B2020,01 83 16
Exterior,G2030.80,11 14 26,Fabric Structures
Interior,E1010.70,11 14 26,Facility
Pedestrian Gates,---,11 14 13,Fuel Systems
Exterior,G2030.80,11 14 13,Power Generation
Interior,E1010.70,11 14 13,Services
Pedestrian Pavement,G2030.10,---,Shell
Appurtenances,G2030.40,32 17 00,Fences and Gates
Curbs and Gutters,G2030.20,32 16 13,Fire Detection and Alarm
Pedestrian Security,---,11 14 53,Fire Suppression
Equipment,Flagpoles,G2060.35,---
Exterior,G2030.80,11 14 53,Floor Construction
Interior,E1010.70,11 14 53,Flooring
People Lifts,D1010.20,14 41 00,Foundations
People Movers,D1030.70,---,Fuel-Gas Detection and Alarm
Performance Requirements,01 80 00,Access Control and Intrusion Detection,D7010
Airfields,G2040,01 89 16,Area Lighting
Athletic Areas,G205010,01 89 16,Audio-Video Communication
Basement Construction,A20,01 82 16,Compressed-Air
Building Modules,F1010.10,01 88 13,Geodesic Structures
Building Support Plumbing Systems,D2030,01 86 16,Hazardous Materials
Cathodic Protection,D5080.40,01 86 26,Heating Systems
Ceiling Finishes,C2050,01 84 19,Horizontal Conveying
Chemical-Waste Systems,D2060.40,01 86 16,Horizontal Exterior Enclosure
Communications,D60,01 86 29,Horizontal Openings
Compressed-Air Systems,D2060.10,01 86 16,HVAC
Construction Dewatering,A9020,01 82 00,HVAC Air Distribution
Conveying Equipment,D10,01 84 00,Hydronic Distribution
Cooling Systems,D3030,01 86 19,Integrated Automation
Covers and Shelters,G2060.40,01 89 16,Facility Controls
Data Communication,D6010,01 86 29,Detection and Alarm
Detention Equipment,E1040.70,01 87 13,Doors
Distributed Communications and Monitoring,D6060,01 86 29,Finishes
Domestic Water Distribution,D2010,01 86 16,Louvers
Dumbwaiters,D1010.50,01 85 00,Partitions
Electrical,D50,01 86 26,Railings and Handrails
Service and Distribution,D5020,01 86 26,Windows
Electronic Monitoring and Control,D7070,01 86 33,Lighting
Safety and Security,D70,01 86 33,Lightning Protection
Elevators,D1010.10,01 85 00,Manufactured Canopy
Equipment,E10,01 87 13,Manufactured/Fabricated
Equipment and Furnishings,E,01 87 00,Rooms
Escalators,D1010.30,01 85 00,Manufactured-Engineered Structures
Excavation Support,A9030,01 82 00,Material Handling
Modular Mezzanines,F1010.70,01 88 13,Moving Ramps
KEY WORD,UF NUMBER,MF NUMBER,KEY WORD
---,---,---,---
Off-Gassing Mitigation,A6020,01 82 00,Special Construction
Operable Access Systems,D1080,01 85 00,Special Structures
Other Site Construction,G90,01 89 29,Stair Finish
Overhead Exterior,B3080,01 83 16,Stairways
Enclosures,Steam Distribution,D3050.30,01 86 19
Parking Lots,G2020,01 89 16,Storm Drainage Utility
Passenger Loading Bridges,D1030.50,01 85 00,Structure Moving
Pedestrian Plazas and Walkways,G2030,01 89 16,Subdrainage Systems
People Mover,D1030.70,01 85 00,Superstructure
Planting Irrigation,G2080.10,01 89 16,Suspended Ceiling
Play Areas,G2050.50,01 89 16,Construction
Plumbing,D20,01 86 16,Towers
Pools,F1050.10,01 88 13,Traffic Bearing Horizontal Enclosures
Processed Water Systems,D2060.50,01 86 16,Tunnels
Radiation Detection and Alarm,D7050.20,01 86 33,Turntables
Radiation Protection,F1030.50,01 88 13,Vacuum Systems
Raised Floor Construction,C1060,01 84 13,Ventilation
Recreational Areas,G2050.30,01 89 16,Vertical Exterior Enclosure
Refrigeration Detection and Alarm,D7050.50,01 86 33,Voice Communication
Retaining Walls,G2060.60,01 89 16,Water Intrusion Detection and Alarm
Roadways,G2010,01 89 16,Perimeter Security Systems
Roof Construction,B1020,01 83 13,Periodic Work Observation
Roofing,B3010,01 83 19,Permits
Sanitary Drainage,D2020,01 86 16,Sanitary Sewerage Utility
Security Equipment,E1040.60,01 87 13,Application
Seismic Control,F1030.30,01 88 13,Building
Site,Costs,Z7050,---
Aviation Fuel Distribution,G3060.60,01 89 23,Planned Unit Development
Bridges,G2060.70,01 89 16,Zoning
Construction,G,01 89 00,Pest Control Devices
Diesel Fuel Distribution,G3060.40,01 89 23,Temporary
Pews and Benches,---,12 67 00,Fixed
Portable,E2050.60,12 67 00,Photographic Documentation
Processing Equipment,E1030.60,11 27 00,Photovoltaic Collectors
Hydronic Cooling Distribution,G3050.40,01 89 23,Physical Decontamination
"Piers, Column",A1010.30,---,Piles
Bored,A1020.15,31 63 00,Caps
Driven,A1020.10,31 62 00,Pipe Culverts
"Piping Specialties, Stormwater",D2030.20,22 14 23,"Drainage Piping System, Gray Water"
Slabs-On-Grade,A40,01 82 00,Piping Compressed-Air
Solid Waste Handling Equipment,E1090.10,01 87 13,Domestic Water
Fire-Suppression,D4010.10,21 11 00,Fuel
KEY WORD,UF NUMBER,MF NUMBER,KEY WORD
---,---,---,---
Gas,22,63,Exterior Fabrications
General Service,D2050,22,15
Compressed-Air,Healthcare Chemical-Waste,D2060.40,22 66 70
Hydronic,D3050.10,23 21 13,"Fabrications, Interior"
Laboratory Chemical-Waste,D2060.40,22 66 53,Fences and Gates
Processed Water,D2060.50,22 67 13,Floor Decking
Sanitary Sewerage,D2020.30,---,"Paneling, Ceilings"
Sanitary Waste and Vent,D2020.30,22 13 16,"Paneling, Walls"
Site,"Railings, Exterior Balcony",B2080.50,06 63 00
Aviation Fuel,G3060.60,33 52 43.13,"Railings, Interior"
Diesel Fuel,G3060.40,33 52 19.13,Roof Decking
Fuel-Oil,G3060.20,33 52 13.13,Stair Railings
Gasoline,G3060.30,33 52 16.13,Windows: See Exterior and
Storm Drainage,G3030.20,33 41 00,Interior Windows
Steam,D3050.30,23 22 13,Platform Lifts
Stormwater Drainage,D2030.20,22 14 13,Platform/Stage Floors
Vacuum,D2060.20,22 62 13,"Platforms, Elevating"
Waste Anesthesia-Gas,D2060.20,22 62 23,Play Structures
Pits and Bases,A4040,---,Players and Recorders
Planetariums,F1010.50,13 23 00,Playfield Areas
Equipment,E1040.10,11 55 00,Equipment and Structures
Pendulums,E1040.10,11 55 16,Lighting
Projectors,E1040.10,11 55 13,Surfacing
Planned Unit Development,Playground Equipment,G2050.50,11 68 13
Permits,2020.15,---,Plaza and Walkway Lighting
Requirements,1030.15,---,PLC Electronic Detention
Plant Inspection Procedures,Z1040.80,01 45 26,Monitoring and Control
"Planters and Artificial Plants,",E2010.90,12 92 00,Fixed Interior
Planters,"Plenums and Chases, Air",D3050.50,23 32 00
Exterior,G2080.50,32 94 33,Exhaust Air
Fixed Interior,E2010.90,12 92 33,Outside Air
Movable Interior,E2050.90,12 92 33,Return Air
Site,G2060.25,12 93 33,Supply Air
Planting,Plugging,G2080.20,32 92 16
Accessories,G2080.50,32 94 00,Plumbing
Irrigation,G2080.10,32 84 00,Plumbing Fixtures
Preparation,G2080.80,32 91 00,Commercial
Plants and Bulbs,G2080.30,32 93 23,Emergency
"Plants, Exterior",G2080.30,32 93 00,Healthcare
Residential,D2010.60,22 41 00,Security
Plaster,"Supports, Security",D2010.60,22 46 53
"Ceilings, Suspended",C1070.20,09 20 00,Trim
Exterior Bulkheads,B3080.30,09 20 00,Commercial
Exterior Ceilings,B3080.10,09 20 00,Residential
Exterior Fabrications,B2080.70,09 27 00,Security
Exterior Soffits,B3080.20,09 20 00,Plumbing Systems
Exterior Wall Interior Skin,B2010.30,09 20 00,Integrated Automation
"Fabrications, Interior",C2020,09 27 00,Control
"Finish, Ceilings",C2050.10,09 20 00,Interior Fountain
Interior Partitions,C1010.10,09 20 00,Pool
Stair Soffits,B1080.30,09 20 00,Pneumatic Tube Systems
Subgrade Enclosure Wall,A2010.20,09 20 00,Point of Sale Systems
Plastic,Polychlorinate Biphenyl,F2010.40,02 84 00
"Blocks, Walls",C2010.60,09 76 00,Remediation
Doors: See Exterior and,---,08 15 00,Interior Doors
KEY WORD,UF NUMBER,MF NUMBER,KEY WORD
---,---,---,---
"Ponds, Site Domestic Water",G3010.10,33 47 19.13,Roof Girders and Beams
Site Domestic Water,G3010.10,33 47 16.13,Pedestrian Tunnels
Site Irrigation Water,G3010.50,33 47 16.13,Service Tunnels
Liners,Vehicular Tunnels,G9010.10,31 75 16
Site Domestic Water,G3010.10,33 47 13.13,Splash Blocks
Site Irrigation Water,G3010.50,33 47 13.13,Stair Treads
Ponds and Reservoirs,G3030.70,33 47 26,Stairs
Storm Drainage,Subgrade Enclosure,A2010.10,03 40 00
"Liners, Storm Drainage",G3030.70,33 47 13.13,Tunnel Lining
Pools,F1050.10,---,Equipment
Equipment Controls,F1050.10,22 51 23,Piping System
Plumbing Systems,F1050.10,22 51 00,Pumps
Specialties,F1050.10,---,Water Treatment
Portable,Audio-Video Equipment,D6030.10,27 41 19
Lamps,E2050.40,12 43 00,"Partitions, Screens and Panels"
Portland Cement Terrazzo,C2030.60,09 66 13,Flooring
Postal,Equipment,E1030.70,11 29 55
"Packaging, and Shipping Equipment",E1030.70,11 29 00,Specialties
Potting Machines,E1090.40,11 93 23,Power
"Distribution, Facility",D5020.30,26 20 00,Factor Correction Equipment
Filtering and Conditioning,D5010.60,26 35 00,Powered Scaffolding
Preaction Sprinkler Systems,D4010.10,21 13 19,Precast Concrete
Balcony Construction,B1010.30,03 40 00,Checkout
Canopy Construction,B1020.30,03 40 00,Closeout
Cofferdams,A9030.20,31 52 19,Contract Modification
Columns Supporting Floors,B1010.10,03 40 00,Environmental Facility
Columns Supporting Roofs,B1020.10,03 40 00,Decommissioning
Equipment Screens,B2010.60,03 40 00,Maintenance
Exterior Balcony Walls,B2080.50,03 40 00,Operation
Exterior Wall Construction,B2010.20,03 40 00,Field Quality Control
Exterior Wall Veneer,B2010.10,03 40 00,"Health, Safety, and Emergency Response"
Floor Decks,B1010.20,03 40 00,Historic Treatment
Floor Girders and Beams,B1010.10,03 40 00,Indoor Air Quality
Foundation Walls,A1010.10,03 40 00,Infection Control
Parapets,B2010.50,03 40 00,Payment
Ramps,B1010.50,03 40 00,Plant Inspection
Retaining Walls,G2060.60,32 32 16,Price and Payment Procedures
Roof Decks,B1020.20,03 40 00,Procurement Substitution
KEY WORD,UF NUMBER,MF NUMBER,KEY WORD
---,---,---,---
Progress Payment,Z1010.70,01 29 76,Program
Security,Z1020.70,01 35 53,Record Documents
Source Quality Control,Z1040.80,01 45 13,Summary
Special,Z1020.70,01 35 00,Web Site
Special Project,Z1020.70,01 35 13,Projection Screens
Startup,Z1070.40,01 75 16,Projectors
Submittal,Z1020.50,01 33 00,Promotion
Substitution,Z1010.50,01 25 00,Proposal
Sustainability Certification,Z1020.70,01 35 66,Forms
Project,Requests,Z1010.60,01 26 53
Process Support Plumbing,D2060,---,Worksheet Summaries
Systems,Protected Membrane Roofing,B3010.50,07 55 00
Supplementary Components,D2060.90,---,Protecting Installed
Equipment,D2060.50,22 67 19,Protection Devices
Piping,D2060.50,22 67 13,26 28 00
"Systems, Healthcare",D2060.50,22 67 00,Protection of Adjacent
"Systems, Laboratory",D2060.50,22 67 00,Construction
Definitions,3030.20,00 23 00,"Walkways, Temporary"
Form Supplements,3050.30,00 43 00,Wall Covering
Forms and Supplements,3050,---,Public Address and Mass
Instructions,3030,00 20 00,Notification Systems
Meetings,3030.50,00 25 00,Public Information Systems
Requirements,30,00 00 00,"Pumping Stations, Facility"
Scopes,3030.30,00 24 00,Sewerage
Substitution Procedures,3030.70,00 26 00,Pumps
Product,Boiler Feedwater,D3020.10,23 53 13
Allowances,Z1010.10,01 21 26,Domestic Water
Data,Z1020.50,01 33 23,Exterior Fountain
Delivery Requirements,Z1060.40,01 65 00,Facility Fuel-Oil
Options,Z1060.20,01 62 00,Facility Gasoline Dispensing
Requirements,Z1060,01 60 00,Fire
Storage and Handling,Z1060.50,01 66 00,Fuel
Requirements,Hydronic,D3050.10,23 21 23
Professional Services,2030,---,Irrigation
Profit,Z9030,---,Pool
Program,Sanitary Waste,D2020.10,22 13 29
Facility,1020.50,---,Site
Progress Cleaning,Z1070.30,01 74 13,Diesel Fuel
Progress Payment Procedures,Z1010.70,01 29 76,Fuel-Oil
Project,Gasoline,G3060.30,33 52 16.23
Alliances,3010.10,---,Steam Condensate
Budget Information,3040.15,00 31 16,Storm Drainage
"Contingencies, Budget",2080,---,Stormwater Drainage
Criteria,1030,---,Q
Delivery Methods,3010.10,---,Qualifications
Description,10,---,Quality
Forms,4020,00 60 00,Assurance
Identification,Z1050.70,01 58 00,Control
Management and,Z1020.10,01 31 00,Requirements
Coordination,Quantity Allowances,Z1010.10,01 21 29
Managers,2030.10,---,Quartz Flooring
KEY WORD,UF NUMBER,MF NUMBER,KEY WORD
---,---,---,---
R,Raft Foundations,A2010.60,03 71 00
Exterior Balcony,B2080.50,05 52 00,Assemblies
Floor,B1010.20,05 35 00,Interior
Roof,B1020.20,05 35 00,Stair
Raceways and Boxes,26 05 33,Railway Embankments,G1070.30
Electrical Service and,D5020.90,26 05 33,Rainwater
Distribution,Leaders,D2030.20,22 14 16
Facility Power Generation,D5010.90,26 05 33,Management
General Purpose Power,D5030.90,26 05 33,Storage Tanks
Lighting,D5040.90,26 05 33,Raised Floor Construction
Miscellaneous Electrical,D5080.90,26 05 33,Rammed Earth Construction
Raceways and Enclosures,26 05 33,Walls,F1020.65
Branch Wiring,D5030.10,26 05 33,Ramps
Electrical Distribution,D5020.30,26 05 33,Metal
Lighting Branch Wiring,D5040.20,26 05 33,Temporary
"Raceways, Facility Grounding",D5020.70,26 05 33,"Ranges, Commercial"
Electric Cables,D3070.10,23 83 13,"Reclosers, Site Electrical"
Hydronic Piping,D3070.10,23 83 16,Record
Units,D3020.70,23 83 00,Modifications
Radiation Detection and,D7050.20,28 32 00,Alarm
Detection Sensors,D7050.20,28 32 33,Recreational
Dosimeters,D7050.20,28 32 43,Area Lighting
GUI and Logic Systems,D7050.20,28 32 13,Areas
Integrated Audio Evacuation,D7050.20,28 32 23,Court Fences and Gates
Systems,Court Surfacing,G2050.30,32 18 23.43
Equipment,E1070.60,11 67 00,Surfaces
Radiation Protection,F1030.50,13 49 00,Recycled-Rubber Pavement:
Exterior Windows,B2020.50,08 88 49,Recycling
Exterior Doors,B2050.40,08 88 49,Equipment
Interior Windows,C1020.50,08 88 49,Programs
Interior Doors,C1030.70,08 88 49,References
Radiation Shielding,Standards,Z1040.30,01 42 19
Doors,08 34 49,Refractory Masonry,C1090.50
Exterior,B2050.40,08 34 49,Refrigerant
Interior,C1030.70,08 34 49,Compressors
Windows,08 56 49,Condeners,D3030.10
Exterior,B2020.50,08 56 49,Refrigerated
Interior,C1020.50,08 56 49,Display Equipment
Radiators,D3020.70,23 82 29,Food Storage Cases
Radio Communications,D6020.20,27 32 43,Refrigeration Detection and
Radio Frequency Protection,F1030.50,Radioactive Decontamination,G1050.10
Filters,D5010.60,26 35 46,Shielding Doors
Exterior,B2050.40,08 34 46,Refrigerators
Interior,C1030.70,08 34 46,Laboratory
Shielding Windows,Mortuary,E1040.20,11 78 13
Exterior,B2020.50,08 56 46,Registration Equipment
Interior,C1020.50,08 56 46,Regulatory
Required Permits,2020.50,01 41 00,Requirements
Radon Mitigation,A6020.10,31 21 13,Reinforced Soil Retaining Walls
KEY WORD,UF NUMBER,MF NUMBER,KEY WORD
---,---,---,---
Related Activities,Regulatory,Z1040.10,01 41 00
Substructure,A90,Sustainable Design,1030.50
Tunnel Construction,G9010.90,Toxic Materials,Z1060.50
Relational Contracts,3010.10,Zoning,1030.10
Relay-Logic Detention,D7070.10,28 46 16,"Reservoirs, Site Irrigation"
Relief Vents,B3020.10,07 72 23,Water
Residential Appliances,E1060.10,11 31 00,Casework
Ceiling Fans,E1060.70,11 34 00,Elevators
Equipment,E1060,11 30 00,Furniture
Kitchen Appliances,E1060.10,11 31 13,Laundry Appliances
Plumbing Fixtures,D2010.60,22 41 00,Resilient Flooring
Athletic,C2030.80,09 65 66,Remediation
Asbestos,F2010.20,02 82 00,Resinous Flooring
Facility,F20,Matrix Terrazzo,C2030.60
Lead,F2010.30,02 83 00,Restaurant Furniture
Mold,F2010.50,02 85 00,Turntables
Polychlorinate Biphenyl,F2010.40,02 84 00,Retail Furniture
Sinkhole,G1050.45,02 57 00,Retaining Walls
Site,G1050,02 50 00,Subdrainage
Soil Stabilization,G1050.30,02 55 00,Water
Retention Basins,G3030.70,33 47 26.16,Removal and Disposal of
Asbestos Containing Materials,F2010.20,02 82 33,Contaminated Soils
Materials Containing Lead,F2010.30,02 83 33,Materials with Mold
Polychlorinate Biphenyls,F2010.40,02 84 33,Representations and Certifications
Requests for Interpretation,Z1010.60,01 26 13,Revisions
Requirements,Precontract,4040.10,00 91 00
Administrative,Z1020,01 30 00,Revolving Door Entrances
Closeout,Z1070.60,01 77 19,Exterior
Contracting,40,00 00 00,Interior
"Environmental, Facility",1030.53,01 81 16,Rezoning
Execution and Closeout,Z1070,01 70 00,Ridge Vents
General Commissioning,Z1090.10,01 91 13,Rigging Systems and Controls
Governmental Safety,Z1020.70,01 35 26,Rights-of-Way and Easements
Hazardous Materials,Z1060.50,01 66 13,Rigid Pavement
Historic Restoration,1030.70,01 35 91,Aviation
Indoor Air Quality,1030.56,01 81 19,Horizontal Waterproofing
Owner Safety,Z1020.70,01 35 23,Planned Unit Development
Procurement,30,00 00 00,Parking Lot
Product,Z1060,01 60 00,Ring-Down Emergency
Product Delivery,Z1060.40,01 65 00,Telephones
Product Storage and Handling,Z1060.50,01 66 00,Riprap
Quality,Z1040,01 40 00,Regulatory
KEY WORD,UF NUMBER,MF NUMBER,KEY WORD
---,---,---,---
Roadways,G2010,---,Room
Appurtenances,G2010.40,32 17 00,Air-Conditioners
Construction,G2010.40,34 71 00,Finish Schedule
Curbs and Gutters,G2010.20,32 16 13,Rope Climbers
Embankments,G1070.30,31 24 13,Rotary Converters
Lighting,G2010.70,26 56 19,Rough Grading
Monitoring Equipment,G2010.40,34 41 23,"Rugs and Mats, Moveable"
Pavement,G2010.10,32 10 00,Rules
Rock,Running Track Surfacing,G205010,32 18 23.33
"Anchors, Excavation",A9030.10,31 51 16,S
Bolting and Grouting,G1070.45,31 33 13,Safe Deposit Boxes
Removal,G1070.20,31 23 16.26,Safes
Stabilization,G1070.45,31 33 00,Safety
Netting,F1060.20,13 28 16,Specialties
Samples,Z1020.50,01 33 23,Field
Sanitary Drainage,D2020,22 13 00,Drains
Facilities,Z1050.20,01 52 19,Manholes
Piping Cleanouts,D2020.30,22 05 76,Supplementary Components
Sanitary Sewerage,Equipment,D2020.10,---
Force Mains,G3020.20,33 34 00,Lagoons
Piping,D2020.30,33 31 00,G3020.20
Pumps,D2020.10,22 13 29,Structures
Utilities,G3020,33 30 00,Utility Connection
Sanitary Sewers,D2020.30,22 13 13,Sanitary Waste
Interceptors,D2020.10,22 13 23,Piping Specialties
Separators,D2020.10,22 13 26,Sanitary Waste and Vent
Piping,Saunas,F1010.50,13 24 16
Sawdust Collection Systems,D3060.30,23 35 13.13,Scaffolding
Powered,D1080.40,14 84 00,Suspended
Window Washing,D1080.40,14 84 13,"Scaffolding and Platforms, Temporary"
Scales,C1090.90,10 88 00,Scanners
Schedule of Values,Z1010.70,01 29 73,Schedules
Room Finish,C2090,09 06 00.13,Interior Finish
Preliminary,3040.1,00 31 13,Scheduling of Work
KEY WORD,UF NUMBER,MF NUMBER,KEY WORD
---,---,---,---
Scoreboards,Exterior,G205010,11 68 43
Interior,E1070.50,11 66 43,Fire Detection
"Screening Devices, Site",G2060.80,32 35 00,Fuel-Gas Detection
"Screens and Louvers, Site",G2060.80,32 35 13,Fuel-Oil Detection
Screens,B2010.60,---,Radiation Detection
Equipment,Interior,C1010.70,---
Sculptures,Fixed,E2010.10,12 14 00
Movable,E2050.10,12 14 00,Water Detection
Scuppers,B3020.70,07 71 33,Effluent Pumps
"Seals and Shelters, Loading",E1010.50,11 13 16,Facility
Dock,Utility,G3020.40,33 36 00
Seat and Table Assemblies,Fixed,E2010.70,12 68 00
Portable,E2050.60,12 68 00,Service
Seating,E2050.30,12 52 00,Elevators
"Seating and Tables, Site",G2060.25,12 93 43,Fittings and Accessories
Sectional Doors,08 36 13,Line Equipment,E1030.80
Exterior,B2050.30,08 36 13,Tunnels
Interior,C1030.50,08 36 13,Walls
Security,Services,D,---
Access Detection,D7010.10,28 13 53,Sewerage
"Barriers, Temporary",Z1050.40,01 56 33,Cleanouts
Ceiling Assemblies,C1070.70,09 57 53,"Manholes, Frames, and Covers"
"Doors, Exterior",B2050.40,08 34 53,"Sewers, Sanitary"
"Doors, Interior",C1030.70,08 34 53,Shaft Construction
"Enclosures, Temporary",Z1050.40,01 56 36,Equipment
"Gates, Interior",C1040.50,08 34 56,Service Tunnels
Lighting,D5040.50,26 55 53,Vehicular Tunnels
Mirrors and Domes,C1090.90,10 86 00,Shampoo Bowls
Plumbing Fixtures,D2010.60,22 46 00,Sheathing
Procedures,Z1020.70,01 35 53,Balcony
"Windows, Exterior",B2020.50,08 56 53,Canopy
"Windows, Interior",C1020.50,08 56 53,Exterior Balcony Walls
Seeders,E1090.40,11 93 16,Exterior Walls
Seeding,G2080.20,32 92 19,Floor
Segmental Retaining Walls,G2060.60,32 32 23,Mezzanine
Security Glazing,08 88 53,Parapets,B2010.50
Exterior Windows,B2020.50,08 88 53,Ramps
Exterior Doors,B2050.40,08 88 53,Roof
Interior Windows,C1020.50,08 88 53,Sheet Carpeting
Interior Doors,C1030.70,08 88 53,Sheet Metal Flashing and Trim
Seismic,Control,F1030.30,13 48 00
Selective,Bridge Demolition,F3030.50,02 41 19.33
Demolition,F3030,02 41 19,Historic Demolition
Interior Demolition,F3030.30,02 41 19.16,Site Demolition
Self-Contained Air-conditioners,D3030.70,23 81 19,Shield Driving Tunnel
KEY WORD,UF NUMBER,MF NUMBER,KEY WORD
---,---,---,---
Ship Passenger Loading,D1030.50,34,Residential
Bridges,Security,D2010.60,22
Shipping Equipment,E1030.70,11,Site Acquisition
Shooting Range Equipment,E1070.60,11,Aviation Fuel Distribution
"Shop Drawings, Product Data, and Samples",Z1020.50,01,Bridges
Shop-Fabricated Structural Wood,06,Clearing,G1010
Balcony Construction,B1010.30,06,Containment
Canopy Construction,B1020.30,06,Development
Mezzanine Construction,B1010.40,06,Diesel Fuel Distribution
Ramps,B1010.50,06,Earthwork
Shop-Fabricated Wood Floor Trusses,06,Electric Distribution Systems,G4010
Floor,B1010.10,06,Development
Roof,B1020.10,06,Energy Distribution
Shotcrete Stabilization,Fire Protection Water Distribution,G3010.30,---
Rock Slope,G1070.45,31,Fuel Distribution
Soil Slope,G1070.40,31,Fuel-Oil Distribution
Shotcrete Tunnel Lining,31,Furnishings,G2060.25
Pedestrian,G9010.20,31,Gas Distribution
Service,G9010.40,31,Gasoline Distribution
Vehicular,G9010.10,31,Grounding
Shower & Dressing Compartments,C1090.25,10,Irrigation Water Distribution
Shower Curtains,E2050.40,12,Lease
Showers,D2010.60,Lighting,G4050
Commercial,D2010.60,22,Maintenance
Emergency,D2010.60,22,Preparation
Healthcare,D2010.60,22,Program
Residential,D2010.60,22,Purchase
Shrubs,G2080.30,32,Remediation
"Shunt Arresters, Site Electrical",G4010.50,---,Screening Devices
"Shutters, Interior",E2010.20,12,Soil Treatment
Sidewalk Lifts,D1010.20,14,Specialties
"Siding, Exterior Walls",B2010.10,07,Storm Water Drains
Signage,Subdrainage,G3030.60,33
Exterior,G2060.30,10,"Survey, Final"
Interior,C1090.20,10,Site Communications
Temporary Project,Z1050.70,01,Systems Distribution
"Signaling and Control Equipment, Roadway",G2010.40,34,Structures
"Sills, Exterior Wall Openings",B2010.90,---,Site Elements
Simulated Stone,06,Relocations,G1030
Exterior Wall Veneer,B2010.10,06,Site Improvements
"Fabrications, Exterior",B2080.70,06,Grounding
"Fabrications, Interior",C2020,06,Site Hydronic Cooling Distribution
Single Contract,3010.30,---,Single Purposed Entities
Single-Panel Doors,08,Site Hydronic Heating Distribution,G3050.10
Exterior,B2050.30,08,Aboveground
Interior,C1030.50,08,Underground
Sinkhole Remediation,G1050.45,02,Distribution
Backfilling,G1050.45,02,Underground
Sinks,D2010.60,Commercial,D2010.60
KEY WORD,UF NUMBER,MF NUMBER,KEY WORD
---,---,---,---
Site Steam Energy,G3050.20,33 63 00,Telemanagement
Distribution,Virtual Private Network,D6010.50,27 25 37
"Piping, Aboveground",G3050.20,33 63 23,Virus Protection
"Piping, Underground",G3050.20,33 63 13,Soil
Sitework,G,---,"Anchors, Excavation"
Skylights,B3060.10,08 60 00,Mixers
Protection and Screens,B3060.10,08 67 00,Mixing Stabilization
Slab Trenches,A4030,---,Nailing
Slabs-On-Grade,A40,---,Reinforcement
Standard,A4010,03 30 00,Stabilization
Structural,A4020,03 30 00,Remediation
Supplementary Components,A4090,---,Stripping and Stockpiling
Sliding,Treatment,A9040,31 31 00
"Doors, Interior",C1030.25,08 11 73,Site
Glass Doors,08 32 00,Washing through,G1050.25
Exterior,B2050.10,08 32 00,Separation/Solubilization
Interior,C1030.25,08 32 00,Solar
"Metal Grilles, Interior",C1040.10,08 11 74,"Collectors, Heating"
Partitions,C1010.50,10 22 43,Heat Generation
Storefronts,08 43 29,Instrumentation,F1080.40
Exterior,B2050.10,08 43 29,Soldier-Beam Retaining Walls
Interior,C1030.20,08 43 29,Solicitation
Visual Display Units,C1090.20,10 11 33,Solid Waste
Slip Controllers,D5010.60,26 35 36,Bins
Slip-Resistant Flooring,C2030.10,09 61 13,Handling Equipment
Treatment,Solidification and Stabilization,G1050.10,02 51 19
Slope Protection,G1070.55,31 35 00,Decontamination
Slope Paving,G1070.55,31 35 23,Sound and Vibration Control
Slurry Walls,A9030.70,31 56 00,Flooring
Slurry-Geomembrane,A9030.70,31 56 19,"Sound Barriers, Site"
Small Tools and Consumable,Z1070.20,---,Costs
Smoke,Detection Sensors,D7050.10,28 31 46
Vents,B3060.50,07 72 36,Snow Guards
Snow Melting,D3070.10,23 83 00,Sound Isolation
Aviation Pavement,G2040.40,32 17 43,Ceilings
Parking Lot Pavement,G2020.40,32 17 43,Interior Partitions
Pedestrian Pavement,G2030.40,32 17 43,Suspended Ceilings
Roadway Pavement,G2010.40,32 17 43,Sound Masking Systems
Sod Stripping and Stockpiling,G1010.50,31 14 16,"Sound, Vibration, and Seismic"
Soda Fountain Equipment,E1030.80,11 46 19,"Control, Floor Construction"
Sodding,G2080.20,32 92 23,Sound-Absorbing Units
Soffits,Ceiling,C2050.80,09 84 36
Panels,B3080.20,07 42 93,Wall
Vents,B3080.20,08 95 13,Sound-Conditioned Rooms
Stair,B1080.30,---,Source Quality Control
"Softeners, Domestic Water",D2010.20,22 31 00,Procedures
Software,Reporting,Z1020.50,01 33 26
Customer Relationship,D6010.50,27 25 26,Space Frames
Management,Spare Parts,Z1070.70,01 78 43
Data Communications,D6010.50,27 25 00,Special
Database,D6010.50,27 25 33,Activity Rooms
Graphics/Multimedia,D6010.50,27 25 23,Construction
Internet Conferencing,D6010.50,27 25 39,Construction and Demolition
Operating System,D6010.50,27 25 29,Exhaust Systems
KEY WORD,UF NUMBER,MF NUMBER,KEY WORD
---,---,---,---
Facility Components,F1050,---,Stadiums: See Grandstands
Foundation Walls,A1020.30,31 66 16,Foundations
Inspectors,2030.50,01 45 23,Instrumentation
Procedures,Z1020.70,01 35 00,Project Procedures
Purpose HVAC Systems,D3070,---,Purpose Lighting
Structures,F1020,13 30 00,Wall Surfacing
Special Function Construction,F1030,---,Doors
Exterior,B2050.40,08 30 00,Interior
Suspended Ceilings,C1070.70,09 57 00,Windows
Exterior,B2020.50,08 56 00,Interior
Stairs,B1080,---,Construction
Finishes,C2040,---,Railings
Retractable,E1060.50,11 33 00,Soffits
Specialties,---,10 00 00,Emergency Aid
Exterior Fountain,G2060.10,---,Exterior Wall
Fire Protection,D4030,10 44 00,Fireplace
Gray Water,D2030.60,---,Information
Interior,C1090,---,Interior Fountain
Pool,F1050.10,---,Postal
Roof,B3020.30,10 74 00,Safety
Sheet Metal Roofing,B3010.10,07 63 00,Site
Storage,C1090.70,10 50 00,Telephone
Wardrobe and Closet,C1090.70,10 57 00,"Energy Distribution, Site"
Specialty Casework,E2010.30,12 35 00,Ceiling Exterior Bulkheads
"Ceilings, Exterior Ceilings",B3080.10,09 54 00,"Ceilings, Exterior Soffits"
"Door Frames, Exterior",B2050.90,08 30 00,Flooring
"Frames, Interior Doors",C1030.90,08 30 00,Suspended Ceilings
Spires,B3020.30,10 74 26,Split-System Air-Conditioners
Spread Footings,A1010.30,---,Sprigging
Sprinkler Systems,---,---,Fire-Suppression
Landscaping,G2080.10,32 84 23,Stabilization Ponds
Stadium and Arena Seating,E2010.70,12 63 00,Steel-Framed Storefronts: See Storefronts
KEY WORD,UF NUMBER,MF NUMBER,KEY WORD
---,---,---,---
Steep Slope Roofing,B3010.10,07 30 00,Pumps
Steeples,B3020.30,10 74 29,22 14 36
Stipulated Sum Method of Payment,3010.50,00 52 13,Sump Pumps
00 52 16,Stoves,C1090.50,10 35 00
00 72 13,Stress Instrumentation,F1080.10,13 51 00
00 72 16,Stretched-Fabric Wall Systems,C2010.60,09 77 13
Stock,Structural Aluminum Framing:,B1010.10,05 14 00
Feeders,E1090.30,11 92 16,See Structural Metal Framing
Waterers,E1090.30,11 92 19,"Structural Bus Supports, Site"
"Cladding, Exterior Walls",B2010.10,04 42 00,Structural Engineers
Facing,C2010.50,09 75 00,Structural Frame
Flooring,C2030.40,09 63 40,Roof
Masonry Exterior Wall,B2010.10,04 43 13,Structural Metal
Veneer,Floor Girders and Beams,B1010.10,05 10 00
Retaining Walls,G2060.60,32 32 53,Floor Trusses
"Veneer, Interior",C2010.50,09 75 00,Roof Girders and Beams
Storage,Roof Trusses,B1020.10,05 10 00
Assemblies,C1090.70,10 56 00,Structural Metal Columns
Racks,C1090.70,10 56 29,Supporting Floors
Shelving,C1090.70,Supporting Roofs,B1020.10
Specialties,C1090.70,10 50 00,Structural Metal Framed
Storage Tanks,Balcony Construction,B1010.30,05 10 00
Facility Potable-Water,D2010.10,22 12 00,Canopy Construction
Fuel,D3010.50,23 13 00,Mezzanine Construction
Gas,D2060.30,22 63 19,Ramps
Rainwater,D2030.10,22 14 53,Site
Storefronts,---,08 43 00,Exterior Walls
Exterior,B2030.30,08 43 00,Floor Decks
Interior,C1010.20,08 43 00,Mezzanine Construction
Storm Drainage Utilities,G3030,33 40 00,Parapets
Piping,G3030.20,33 41 00,Ramps
Pumps,G3030.50,33 45 00,Roof Deck
Utility Connection,G3030.10,---,Structural Plastic
Storm Panels,B2080.30,10 71 16,Balcony Construction
Storm Water,Canopy Construction,B1020.30,06 50 00
"Pollution Control, Temporary",Z1050.50,01 57 23,Columns Supporting Floors
"Treatment, Site",G3030.40,33 44 19,Columns Supporting Roofs
Storm Windows,B2020.10,08 51 69,Floor Girders and Beams
08 52 69,Mezzanine Construction,B1010.40,06 50 00
08 53 69,Ramps,B1010.50,06 50 00
08 54 69,Roof Girders and Beams,B1020.10,06 50 00
Stormwater Drainage,Structural Slabs-on-Grade,A4020,03 30 00
Equipment,D2030.10,---,Structural Stainless-Steel
Manholes,D2030.20,22 05 73,Framing: See Structural Metal Framing
Piping,D2030.20,22 14 13,Piping Cleanouts
Piping Specialties,D2030.20,22 14 23,Structural Steel Framing: See
KEY WORD,UF NUMBER,MF NUMBER,KEY WORD
---,---,---,---
Structure,Exterior Wall,B2010.80,---
Demolition,F3010,02 41 16,Exterior Wall Opening
Moving,F3050,02 43 00,Exterior Window
Raising,F3050.30,02 43 16,Facility Distribution Systems
Relocation,F3050.10,02 43 13,Facility Power Generation
"Structures, Special",F1020,13 30 00,Fire Suppression
"Stucco, Exterior Walls",B2010.10,09 24 23,Floor Construction
"Subbase Layer, Slab-On-Grade",A4090.60,31 23 23,Flooring
Subdrainage,Building,A6010,33 46 00
"Piping, Site",G3030.60,33 46 16,Retaining Wall
Site,G3030.60,33 46 00,Subgrade Enclosure Walls
Construction,A2010.10,---,Interior Skin
Supplementary Components,A2010.90,---,Subgrade Enclosures
Submersible Tube Tunnels,31 77 00,Pedestrian,G9010.20
Service,G9010.40,31 77 00,Vehicular
Submittals,Procedures,Z1020.50,01 33 00
Schedule,Z1020.30,01 32 19,Substation
"Bus Assemblies, Site",G4010.30,33 72 26,Electrical
"Control Wiring, Site Electrical",G4010.30,33 72 43,Substitutions Procedures
Substrate Board,09 28 00,Horizontal Waterproofing,B3040.90
Roofing,B3010.90,09 28 00,HVAC Fans
Substructure,A,---,Backfill and Compaction
Excavation,A9010,31 23 16,Excavation Support
Related Activities,A90,---,Subsurface Investigation
Summary of Work,1010.10,01 11 00,"Sump Pumps, Stormwater Drainage"
"Sun Control Devices, Exterior",B2080.30,10 71 13,Superstructure
Supplemental Instructions,Z1010.60,01 26 36,"Surge Arresters, Site Electrical"
Supplementary Components,Ceiling Finish,C2050.90,---
Communications,D6090,---,Cooling System
Domestic Water Distribution,D2010.90,---,Electrical Service and Distribution
Electronic Safety and Security,D7090,---,Exterior Door
Exterior Lighting,G4050.90,---,Suspended Ceilings
Acoustical,C1070.10,09 51 00,Construction
Plaster and Gypsum Board,C1070.20,09 20 00,Suspension Systems
KEY WORD,UF NUMBER,MF NUMBER,KEY WORD
---,---,---,---
Sound Isolation,C1070.90,13 48 00,Temporary Access Roads
Special Function,C1070.70,09 57 00,Air Barriers
Specialty,C1070.50,09 54 00,Suspension Systems
Suspended Decorative Elements,E2010.10,---,Barricades
Suspended Scaffolding,D1080.10,14 81 00,Barriers and Enclosures
Bridges,Z1050.25,01 53 13,Construction
Sustainability Certification,Z1020.70,01 35 66,Controls
Project Procedures,Cranes,Z1050.30,01 54 19
Sustainable Design,Decking,Z1050.25,01 53 16
Closeout Documentation,Z1070.70,01 78 53,Dust Barriers
Consultants,2030.30,---,Electricity
Reporting,Z1020.50,01 33 29,Elevators
Requirements,1030.50,01 81 13,Environmental Controls
Swimming Pools,F1050.10,13 11 00,Erosion and Sediment Control
"Swing Staging, Temporary",Z1050.30,01 54 26,"Swinging Doors, Interior"
Switchboards and Panelboards,D5020.30,26 24 00,Fencing
"Switchgear and Switchboards, Facility",D5020.10,26 13 00,Fuel Oil
"Synthetic Resilient Surfacing, Playfield",G2050.50,32 18 16,"Heating, Cooling, and Ventilating"
Hoists,Z1050.30,01 54 16,Interior Signage
Lighting,Z1050.10,01 51 26,Natural Gas
Table Accessories,E2050.40,12 42 00,Noise Barriers
Table Games Equipment,E1070.60,11 67 43,Overpasses
Tackboards,C1090.20,10 11 23,Parking Areas
Tactile Warning Surfacing,G2030.40,32 17 26,Pest Control
Tanks,Project Signage,Z1050.70,01 58 13
Chemical-Waste,D2060.40,22 66 83,Protective Walkways
Gray Water,D2030.60,22 13 63,Ramps
Tapestries,E2010.10,12 12 23,Roads
Taxes,Z7010,---,Runarounds
"Taxes, Permits, Insurance and Bonds",Z70,---,Scaffolding and Platforms
Telecommunications,Z1050.10,01 51 33,Security Barriers
Temporary Telemanagement Software,D6020.40,27 34 16,Security Enclosures
Storm Water Pollution Control,Z1050.50,01 57 23,Telemedicine Systems
Telephones,Tree and Plant Protection,Z1050.40,01 56 39
Elevator,D6020.20,27 32 23,Utilities
Ring-Down Emergency Sets,D6020.20,27 32 26,Vehicular Access and Parking
Specialties,C1090.20,10 17 00,Water
Telescopes,E1040.10,11 56 13,Tennis Court Fences and Gates
Telescoping Stands,E2010.70,12 66 00,Surfacing
Exterior,B2050.30,08 36 23,Wind Breaker
Interior,C1030.50,08 36 23,Tensioned Fabric Structures
"Television Systems, Master Antenna",D6030.10,27 41 33,Air
Teller and Service Equipment,E1030.25,11 17 00,Outside Air
Teller Equipment Systems,E1030.25,11 17 13,Supply Air
Termite Control,Soil Treatment,A9040,31 31 16
KEY WORD,UF NUMBER,MF NUMBER,KEY WORD
---,---,---,---
Terrazzo Flooring,C2030.60,09 66 00,Towers
Stair Finish,C2040.60,09 66 00,Antenna
Tile,C2030.60,09 66 16,Communications
Allowances,Z1010.10,01 21 19,Demolition
Agency Qualifications,Z1040.40,01 43 26,Grounding
Services,Z1040.80,01 45 23,Toxic Materials Requirements
Testing Laboratories,2030.4,01 45 29,Traffic Bearing
Services,Z1040.80,01 45 29,Coatings
"Testing, Adjusting, and",---,23 05 93,Balancing
Cooling System,D3030.90,23 05 93,Distribution Systems
Heating System,D3020.90,23 05 93,Ventilation
Textured Ceiling,---,09 56 00,Traffic Signage
Exterior Bulkheads,B3080.30,09 56 00,Airfield
Exterior Ceilings,B3080.10,09 56 00,Parking Lot
Exterior Soffits,B3080.20,09 56 00,Roadway
Suspended Ceilings,C1070.50,09 56 00,"Traffic Signals, Roadway"
Theater and Stage Equipment,E1070.10,11 61 00,Training
Theatrical,Transfer Switches,D5010.70,26 36 00
Lighting,D5040.50,26 55 61,"Transformers, Facility"
Lighting Control,D5040.10,26 09 61,26 22 00
Therapeutic Pools,F1050.10,13 17 23,Transient Voltage Suppression
Therapy Equipment,E1040.20,11 79 00,Translucent Wall Assemblies
Cooling Storage,D3030.50,23 71 00,Distribution Equipment
Decontamination,G1050.20,02 53 00,"Specialties, Site Electrical"
Desoption Decontamination,G1050.20,02 53 16,Transplanters
Heat Storage,D3020.30,23 71 13,Transplanting
Chilled-Water,D3030.50,23 71 16,Information Display Systems
Heat,D3020.30,23 71 13,Stop Shelters
Ice,D3030.50,23 71 19,Transportation and Disposal of Hazardous Materials
Tile,---,09 30 00,"Trash and Litter Receptors, Site"
Flooring,C2030.20,09 30 00,Trash Chutes
Tile Carpeting,C2030.75,09 68 13,Treated Wood Foundations
Timber,Tree and Shrub Removal and Trimming,G1010.30,31 13 00
Cofferdams,A9030.20,31 52 16,Trees
Cribwork,A9030.40,31 53 13,Grates
Framed Storefronts: See Storefronts,---,08 43 11,Grids
Retaining Walls,G2060.60,32 32 29,Trench Drains
Time Allowances,Z1010.10,01 21 43,Tire-Changing Equipment
Toilet,"Trenching and Backfilling, Site",G1070.20,31 23 33
Accessories,C1090.40,10 28 13,Trenchless Utility Installations
Compartments,C1090.25,10 21 13,Liquid and Gas Site Utilities
"Toilet, Bath, and Laundry Accessories",C1090.40,10 28 00,Trusses
Toll Fraud Equipment and Software,D6020.40,27 34 13,Roof
TTY equipment,D6020.20,27 32 36,Tub and Shower Doors
KEY WORD,UF NUMBER,MF NUMBER,KEY WORD
---,---,---,---
Tunnel Construction,"Unit Pavers, Horizontal",B3040.50,32 14 00
Pedestrian,G9010.20,31 74 00,Waterproofing
Related Activities,G9010.90,---,Unit Prices
Service,G9010.40,31 74 00,Measurement
Vehicular,G9010.10,31 74 00,Method of Payment
Vehicular,G9010.10,31 73 00,Payment
Tunnel Support Systems,---,31 72 00,Unit Skylights
Pedestrian,G9010.20,31 72 00,Unit Ventilators
Service,G9010.40,31 72 00,Cooling
Vehicular,G9010.10,31 72 00,Heating
Tunnels,G9010,31 70 00,Unit Skylights
Pedestrian,G9010.10,---,Urinals
Service,G9010.40,---,Commercial
Vehicular,G9010.10,---,Residential
Turf and Grasses,G2080.20,32 92 00,Security
Turntables,D1030.30,14 70 00,Utilities
U,Grounding,G4010.70,33 79 19
UHF/VHF Transmitter and,G5010.50,33 83 23,Receivers
Underground,"Ducts and Manholes, Site",G4010.20,33 71 19
Electrical,"Ducts, Manholes, and",G5010.10,33 81 26
"Handholes, Communications",Storage Tank Removal,G1050.60,02 65 00
"Underlayment, Flooring",C2030.90,06 16 26,Substation Grounding
Underpinning,A1020.50,31 48 00,"Towers, Site Electrical"
Underslab Drainage,A6010.20,33 46 19,Utility Identification
Underwater Lighting,D5040.50,26 55 29,Electrical Service and
Distribution,Liquid and Gas Site Utilities,G3090.10,03 05 26
Unforeseen Subsurface,2080.40,---,"Conditions, Budget"
Unframed Mirrors,C1090.90,08 83 00,Valance
Uninterruptible Power Systems,D5010.10,26 32 33,Utility Poles
Unit Heaters,D3020.70,23 82 39,Communications
Unit Kitchens,E1030.55,11 26 00,"Communications, Site"
Unit Masonry,---,04 20 00,V
Columns Supporting Floors,B1010.10,04 20 00,Vacuum
Columns Supporting Roofs,B1020.10,04 20 00,Cleaning Systems
Equipment Screens,B2010.60,04 20 00,Equipment
Exterior Balcony Walls,B2080.50,04 20 00,Piping
Exterior Wall,"Systems, Healthcare",D2060.20,22 62 00
Construction,B2010.20,04 20 00,"Systems, Laboratory"
Panels,B2010.40,04 25 00,Valance
Veneer,B2010.10,04 20 00,Cooling Units
Foundation Walls,A1010.10,04 20 00,Heating Units
Interior Partitions,C1010.10,04 20 00,Valuable Material Storage
Parapets,B2010.50,04 20 00,Value Analysis
Retaining Walls,G2060.60,32 32 19,Value Engineering
Subgrade Enclosure,A2010.10,04 20 00,Valves
Unit Pavement,32 14 00,Air-Admittance,D2020.30
Parking Lot,G2020.10,32 14 00,Backwater
Pedestrian,G2030.10,32 14 00,Building Support Plumbing
Roadway,G2010.10,32 14 00,Domestic Water
KEY WORD,UF NUMBER,MF NUMBER,KEY WORD
---,---,---,---
General Service,D2050,22 15 16,Vibration and Seismic Controls
Compressed-Air,Communications,D6090.10,27 05 48
Process Support Plumbing,D2060.90,22 05 23,Cooling System
Sanitary Drainage,D2020.90,22 05 23,Distribution Systems
Vapor Retarders,---,07 26 00,Domestic Water
Exterior Wall,B2010.80,07 26 00,Electrical Service and Distribution
Floor Construction,B1010.90,07 26 00,Electronic Safety and Security
Horizontal Waterproofing,B3040.90,07 26 00,Facility Power Generation
Roof Construction,B1020.90,07 26 00,Fire Suppression
Roofing,B3010.90,07 26 00,General Purpose Power
Slab-On-Grade,A4090.20,07 26 00,Heating System
Subgrade Enclosure Wall,A2010.90,07 26 00,Integrated Automation
Vaults,F1010.50,13 27 00,Lighting
"Doors, Interior",C1030.70,08 34 59,Miscellaneous Electrical
Equipment,E1030.20,11 16 00,Process Support Plumbing
Ventilators,E1030.20,11 16 23,Sanitary Drainage
"Vaults, Pedestal, and Enclosures, Communications",G5010.10,33 81 29,Ventilation
Vegetated,Video Monitoring and Documentation,Z1020.30,01 32 36
Rock Slope Stabilization,G1070.45,31 33 43,Video Surveillance
Low-Slope Roofing,B3010.50,07 55 63,Control and Management Systems
Vegetation Control,G1070.90,31 31 19,Monitoring and Supervisory Interfaces
Soil Treatment,A9040,31 31 19,Remote Devices and Sensors
Vehicle and Pedestrian Equipment,E1010,11 10 00,Remote Positioning Equipment
Vehicle,Systems Infrastructure,D7030.10,28 23 23
Barriers,G2010.40,34 71 13,Virtual
Delineators,G2010.40,34 71 19,Private Network Software
"Fare Collection Equipment, Roadway",G2010.80,34 52 26,Reality Equipment
"Fare Collection, Roadway",G2010.80,34 52 00,Virus Protection Software
"Fare Gates, Roadway",G2010.80,34 52 33,Visual Conference Units
Lifts,D1010.20,14 45 00,Visual Display Fabrics
Lubrication Equipment,E1010.10,11 11 19,Rails
Servicing Equipment,E1010.10,11 11 00,Units
"Ticketing Equipment, Roadway",G2010.80,34 52 16,Wall Panels
Turntables,D1030.30,14 71 11,Vitrification Decontamination
Washing Equipment,E1010.10,11 11 26,Vocational Shop Equipment
Vehicular Bridges,G2060.70,32 34 23,Voice Communications
Tunnels,G9010.10,---,Messaging
Vending Equipment,E1030.10,11 21 23,Switching and Routing Equipment
Ventilation,D3060,---,Terminal Equipment
Supplementary Components,D3060.90,---,Voice Mail and Auto Attendant
Vents and Hatches,B3060.50,---,"Void Forms, Standard"
Vertical Conveying,D1010,---,Voltage Regulators
"Enclosures, Exterior",B20,---,Waiting Area Seating
Planting Nets and Grids,G2080.50,---,Portable
KEY WORD,UF NUMBER,MF NUMBER,KEY WORD
---,---,---,---
Walk-In,Water Distribution,---,33 12 00
Coolers,E1030.80,11 41 23,Equipment
Freezers,E1030.80,11 41 26,Site Domestic Water
Walkways,Site Fire Protection,G3010.30,33 12 00
Coverings,G2060.40,10 73 26,Site Irrigation
Metal,B1080.70,05 51 36,Water Distribution Piping
Roof,B3020.10,07 72 46,Site Domestic Water
Wall,Site Fire Protection,G3010.30,33 11 19
Carpeting,C2010.35,09 73 00,Site Irrigation
Coverings,C2010.30,09 72 00,"Water Distribution Ponds, Site"
"Decorations, Fixed",E2010.10,12 12 00,Domestic Water
Foundations,A1010.10,---,Water Distribution Valves
Hangings,E2010.10,12 12 26,Site Domestic Water
Paneling,C2010.20,---,Site Fire Protection
"Specialties, Exterior",B2080.90,07 77 00,Site Irrigation
"Veneer, Exterior",B2010.10,---,"Water Distribution, Site"
Wall and Door Protection,C1090.35,10 26 00,Irrigation
Wall Finishes,C2010,09 70 00,"Water Features, Interior"
Supplementary Components,C2010.90,---,Water Intrusion Detection and
Wall Panels,---,07 42 00,Water Metering
Exterior Bulkheads,B3080.30,07 42 00,Site Domestic Water
Exterior Ceilings,B3080.10,07 42 00,Site Fire Protection
Exterior Walls,B2010.10,07 42 00,Site Irrigation
Wall-Mounted Flagpoles,G2060.35,10 75 23,Site Irrigation
Walls,Water Mitigation,A60,---
Subgrade Enclosures,A2010,---,Water Ponds
Exterior,B2010,---,"Covers, Fire Protection"
Exterior Balcony,B2080.50,---,Fire Protection
Rammed Earth,F1020.65,13 35 13,"Liners, Fire Protection"
Slurry,A9030.70,31 56 00,"Water Ponds and Reservoirs,"
Wardrobe and Closet,C1090.70,10 57 00,Site Irrigation
Specialties,Water Pumping Stations,---,33 12 23
"Warranties, Closeout Submittal",Z1070.70,01 78 36,Site Domestic Water
Wash Fountains,D2010.60,22 42 33,Site Fire Protection
"Washers and Extractors,",E1030.35,11 23 26,"Water Pumping Stations, Site"
"Balers, Facility",E1090.10,11 82 36,Water Remediation
Compactors and Destructors,E1090.10,11 82 26,"Water Repellents, Exterior Wall"
Containment,G1050.40,02 56 13,"Water Service Connections,"
Management,Z1070.30,01 74 00,Site
Construction,Z1070.30,01 74 19,Domestic Water
"Shredders, Facility",E1090.10,11 82 33,Fire Protection
Waste Anesthesia-Gas Piping,D2060.20,22 62 23,Irrigation
Water Chillers,D3030.10,23 64 00,Water Slides
Water Closets,D2010.60,---,Water Spray Fixed Systems
Commercial,D2010.60,22 42 13,"Water Storage Tanks, Site"
Healthcare,D2010.60,22 43 13,Domestic Water
Residential,D2010.60,22 41 13,Fire Protection
Security,D2010.60,22 46 13,Irrigation
"Water Coolers, Remote",D2010.60,22 47 23,"Water Storage,"
Water Decontamination,G1050.80,02 72 00,Fire-Suppression
Water Detection and Alarm,D7050.60,28 35 13,"Water Supply Well, Site"
"Control, GUI and Logic",Domestic Water,G3010.10,33 21 00
Systems,Fire Protection,G3010.30,33 21 00
Water Detection Sensors,D7050.60,28 35 33,Water Treatment
Exterior Fountain,G2060.10,22 52 19,Hydronic Systems
KEY WORD,UF NUMBER,MF NUMBER,KEY WORD
---,---,---,---
Interior Fountain,F1050.20,22 52 19,Wire Rope Stair Railings
Pool,F1050.10,22 51 19,Wireless Communications Distribution
Steam Systems,D3050.30,23 25 19,Transceivers
Water Utilities,G3010,33 10 00,Wiring
"Water Utility Service, Site",Domestic Water,G3010.10,---
Fire Protection,G3010.30,---,Irrigation
"Water Wells, Site Irrigation",G3010.50,33 21 16,Lighting Branch Wiring
"Water, Temporary",Z1050.10,01 51 36,Site Electrical
Water-Based Fire-Suppression,D4010.10,21 10 00,Waterproofing
Horizontal,B3040.30,07 10 00,Electrical Service and Distribution
Slab-On-Grade,A4090.30,07 10 00,Facility Power Generation
Subgrade Enclosure Wall,A2010.90,07 10 00,General Purpose Power
Water-Source Heat Pumps,D3030.70,23 81 46,Lighting
Wave Generating Equipment,F1050.50,13 14 16,Miscellaneous Electrical
"Wear Surfaces, Horizontal",B3040.50,---,Wiring Devices
"Weather Barrier, Exterior Wall",B2010.80,07 25 00,Branch Wiring
Weather Observation,G2040.80,34 43 23,Lighting Branch Wiring
Weathervanes,B3020.30,10 74 33,Web Development
Weighing and Wrapping Equipment,E1030.10,11 21 43,Balcony Decking
Canopy Decking,B1020.30,06 15 00,Columns Supporting Floors
Columns Supporting Roofs,B1020.10,06 11 00,Doors: See Exterior and Interior Doors
Exterior Fixed Grilles and Screens,B2080.10,06 49 00,Wet-Chemical Fire-Extinguishing Systems
Wetlands,G1070.70,32 70 00,Restoration
Wet-Pipe Sprinkler Systems,D4010.10,21 13 13,Wheelchair Lifts
Whirlpool Tubs,F1050.10,13 17 33,Wind Energy Equipment
Wind Instrumentation,F1080.40,13 53 23,Wood Framed
Window Treatments,E2010.20,12 20 00,Balcony Construction
Canopy Construction,B1020.30,06 11 00,"Window Walls, Exterior"
Exterior Balcony Walls,B2080.50,06 11 00,Window Washing
Exterior Walls,B2010.20,06 11 00,Scaffolding
Systems,E1030.40,11 24 23,Window Wells
Windows,---,08 50 00,Ramps
Blinds,E2010.20,12 21 00,Wood Furring
Exterior,B2020,---,Ceilings
Interior,C1020,---,Flooring
Screens,B2020.10,08 51 66,Wall Finish
08 52 66,Wood Paneling,---,06 42 00
08 53 66,Ceilings,C2050.20,06 42 00
08 54 66,Walls,C2010.20,06 42 00
Shades,E2010.20,12 24 00,Wood Railings
Wire Fences and Gates,G2060.20,32 31 26,Exterior Balcony
Wire Mesh Partitions,C1010.10,10 22 13,Interior
KEY WORD,UF NUMBER,MF NUMBER,KEY WORD
---,---,---,---
Wood Ramp Decking,B1010.50,06 15 00,Wood Roof Decking
Girders and Beams,B1020.10,06 11 00,Joists
Trusses,B1020.10,06 11 00,Wood Stairs
Finish,C2040.45,09 64 00,Railings
Wood Unit Pavement: See Unit Pavement,---,32 14 26,Wood Windows: See Exterior and Interior Windows
Wood-I-Joists,---,06 17 33,Floor Joists
Roof Joists,B1020.10,06 17 33,Work Change Directives
Work Restrictions,1010.50,01 14 00,X-Y-Z
X-Ray Protection,F1030.50,---,Zoned Fire-Alarm Systems
Zoning,---,---,Permits
