Manufacturer,Representative,Product_Description
O,Directory,303.832.4224
Section,2023 COLORADO HVAC+R E&P DIRECTORY                                                     6,Page Number
CSI MASTER FORMAT 2016,2023 COLORADO HVAC+R E&P DIRECTORY                                                     6,81
22 00 00 PLUMBING,2023 COLORADO HVAC+R E&P DIRECTORY                                                     6,81
"23 00 00 HEATING, VENTILATING, AND AIR CONDITIONING (HVAC)",2023 COLORADO HVAC+R E&P DIRECTORY                                                     6,87
25 00 00 INTEGRATED AUTOMATION,2023 COLORADO HVAC+R E&P DIRECTORY                                                     6,96
SMACNA COLORADO CONTRACTOR MEMBERS,2023 COLORADO HVAC+R E&P DIRECTORY                                                     6,97
SMACNA COLORADO ASSOCIATE MEMBERS,2023 COLORADO HVAC+R E&P DIRECTORY                                                     6,102
Nathan Cooper,2023 COLORADO HVAC+R E&P DIRECTORY,Taylor Reese
Executive Director,2023 COLORADO HVAC+R E&P DIRECTORY,President
SMACNA Colorado,2023 COLORADO HVAC+R E&P DIRECTORY,Rocky Mountain ASHRAE
1114 West 7th Ave.,2023 COLORADO HVAC+R E&P DIRECTORY,P: 720-221-1078
Suite 250,2023 COLORADO HVAC+R E&P DIRECTORY,ldyas@group14eng.com
"Denver, CO 80204-4432",2023 COLORADO HVAC+R E&P DIRECTORY,President@RockyMtnASHRAE.com
AcoustiFLO Large CFM,"AcoustiFLO, LLC","Custom-designed air handlers to customer specs for space, noise criteria, control, and efficiency. High efficiency fan modules"
Acutherm,Air Purification Company,Thermally Powered VAV Diffusers
AE Air,Air Purification Company,Fan Coils & Water Source Heat Pumps
AERMEC,Air Purification Company,"Free Cooling, Heat Recovery & Heat Pump Chillers"
Aircuity,Air Purification Company,Indoor Environmental Quality
Air Enterprises,Air Purification Company,Factory Or Site-Built Custom Air Handling Solutions
Airtherm,Air Purification Company,Fan Coil And Blower Coil Units
Manufacturer/Brand,Air Purification Company,Products/Services
Ai MFG.,Air Purification Company,Air Devices for Critical Environments
Amana,Air Purification Company,Packaged Terminal (PTAC) Units
AAB,Air Purification Company,Constant Airflow balancing valves
Berner,Air Purification Company,"Air Curtains, Patio & Door Heaters"
CaptiveAire,Air Purification Company,"Commercial Kitchen Ventilation, Gas Fired MUA, DOAS Units"
Car-mon Products,Air Purification Company,Automotive & Welding Exhaust
Cook,Air Purification Company,Fans and Blowers For All Applications
Critical Environment Technologies,Air Purification Company,Gas Detection Systems
Dectron,Air Purification Company,Pool Dehumidification Units
Delta Breez,Air Purification Company,Energystar Ventilation Fans
Duct Direct,Air Purification Company,Ductwrok & Sheet Metal Products
Dynasonics,Air Purification Company,Sound Attenuators
Effectiv HVAC,Air Purification Company,High-Performance Architectural Diffusers
Epic Fans,Air Purification Company,HVLS Fans (Formerly Entrematic)
Eurovac,Air Purification Company,Air Cooled Chillers
Coils Neptronic,Air Purification Company,"VRF, Ductless Mini-Splits"
Pace Air Systems,Air Purification Company,Dust Collection Systems
Franklin Control Systems,Air Purification Company,"Advanced Motor Starters, VFDS"
Hays,Air Purification Company,Automatic Flow Control Valves
IPF Colasit,Air Purification Company,Industrial Plastic Fans
Kampmann,Air Purification Company,Trench Systems for Heating & Cooling
Kees,Air Purification Company,"Security Bars & Grilles, Air Blenders"
Kinetics Noise Control,Air Purification Company,"Duct Silencers, Plenums, & Acoustical Louvers"
Koch Filter,Air Purification Company,"HVAC, Clean Room, & Biosafety Filters"
Louvers Dampers,Air Purification Company,"Gravity Vents, Louvers, Dampers"
Markel Products Company,Air Purification Company,Electric Heat
Modine,Air Purification Company,"Gas & Hydronic Heat, DOAS Units"
Nationwide Coils,Air Purification Company,Replacement & Custom Water Coils
Neptronic,Air Purification Company,"Humidifiers, Electric Duct Heaters"
Panasonic,Air Purification Company,Energystar Ventilation Fans
Phoenix Controls,Air Purification Company,Laboratory Controls
Plasma Air,Air Purification Company,Needlepoint and Tube Style Bipolar Ionization Units
Pottorff,Air Purification Company,Dampers & Louvers
Prihoda,Air Purification Company,Fabric Duct Distribution Systems
RenewAire,Air Purification Company,Energy Recovery Ventilators
Scott Springfield Mfg. Inc.,Air Purification Company,Custom Air Handling Units
Secure Aire,Air Purification Company,Active Particle Control Technology
Solaronics,Air Purification Company,Infrared Radiant Heaters
Spunstrand,Air Purification Company,"FRP Duct, Dampers, and Scrubbers"
Strobic Air Technologies,Air Purification Company,Laboratory Exhaust Fans
Systemair,Air Purification Company,Car Park Ventilation
TAMCO,Air Purification Company,Innovative Damper Products
Tempmaster,Air Purification Company,3-150 Ton Packaged Rooftop Units
Thermaflex,Air Purification Company,Flexible Duct
Titus,Air Purification Company,"GRDS, VAVS, Displacement Ventilation, Chilled Beams"
Titus Applied,Air Purification Company,"Modular Air Handling Units, Fan Coil Units, Blower Coil Units"
US Duct,Air Purification Company,Ductwork for Dust Collection Systems
Vulcan Radiator,Air Purification Company,Hydronic Heating Products
Airflow Systems (AFS),Airpro,"Self-contained bag filter, HEPA and cartridge airfilter units. Fume extraction arms, down draft table collectors."
AirPro Fan & Blower Co.,Airpro,"Industrial blowers, Centrifugal / Curved BI fans, High Pressure Blowers, High Temp Fans, industrial exhausters, and accessories."
BOSS Products,Airpro,"Spark detection/suppression systems, Abort gates, Inlet Isolation Valves, Auto slide gates &controls, Explosion Vents"""
Cincinnati Fan,Airpro,"Commercial/Industrial Blower, Central BI, industrial exhausters, low pressure, high pressure, axial types, Blower Wheels"
Donaldson / Torit,Airpro,"Dust collectors, cyclones, cartridge filters, baghouses, grinding booth dust collectors, Downdraft table dust collectors. Portable units, Unimaster dust collectors and Power Core dustcollectors/filters. Easy Duct Clamping ductwork systems. Branches, elbows, slide gates, piping, hood, auto gates"
Filter One,Airpro,"Wet type dust collectors, grinding booths and downdraft table collectors."
HP METFLO,Airpro,"Duct Components, couplings, piping for industrial vacuum and pneumatic conveyingsystems."
IEP / Fenwall,Airpro,"Mechanical and chemical explosion detection/suppression systems, Pro Flap Inlet Isolation Valves"
Masterduct,Airpro,"Flexible ducting commercial/industrial grade, high temperature type, crushproof - all sizes."
Monoxivent,Airpro,"Hose drop and hose reel systems for auto, truck, construction vehicle equipment exhaust, gas or diesel engines."
Nordfab,Airpro,"Clamping type ductwork, elbows, piping, slidegates, branches, hoods and isolation valves"
Plymovent Vehicle Exhaust,Airpro,"Sliding Balancer Track, Vertical Stack Rail, StraightRail emergency vehicle exhaust removal. Hose reels and blowers, systems for fire stations, ambulance areas. Hose drops and hose reels for autos/trucks, vehicle exhaust removal."
"Blender Products, Inc.","Blender Products, Inc.","We design and manufacture mixing technologies for a variety of applications including HVAC, Industrial, and chemical processing facilities. We also manufacture industrial evaporative cooling systems."
BuildCentrix,BuildCentrix,"We provide web and mobile software that helps HVAC, sheet metal, and piping contractors to speed up and eliminate mistakes in their fabrication and material ordering process with both their in-house shop and outsourced fabricator/vendor."
Air Flow Technology,Camfil,Paint Booth Filtration.
AJ Manufacturing,Camfil,"return diffusers for high purity processes such as hospitals and pharmaceutical, microelectronic applications."
Cameron Great Lakes,Camfil,Gas phase filtration for odor and/or corrosion control.
Camfil FARR,Camfil,"Pleated filters, bag, rigid, and HEPA/ULPA filters, side access housings, clean room filtration, carbon filtration, bag-in/bag-out hazardous containment equipment, gas phase filtration for odor and/or corrosion control."
Clean Rooms International,Camfil,"Fan powered HEPA filters, clean room components such as soft wall clean rooms, ceiling grid, clean benches, etc."
Company/Product,Camfil,Description
D Mark Inc,Camfil,Gas phase filtration for odor and/or corrosion controls
"Dwyer Instruments, Inc",Camfil,"Air flow and pressure measuring equipment— magnehelic gages, manometers, pressure switches, pilot tubes."
Fiber Bond,Camfil,"Pleated, bag, rigid and polyester link and panel filters."
Kuul,Camfil,CELdek/GLASdek—evaporative cooling media
Munters,Camfil,Cottonwood filter for air cooler condensers/chillers and cooling towers
Prevent by Permatron,Camfil,"Pleated filters, bag filters, odor control filters, and rigid filters"
Research Products,Camfil,"Washable filters, evaporative cooling media"
SNOSTOP,Camfil,"Stainless steel filtration that has built in heating element that can melt up to 8"" of snowfall per hour."
Sparks Filters,Camfil,Industrial process filtration for air and gas applications
UV Resources,Camfil,Germicidal ultraviolet light for HVAC commercial and residential applications
SLD Technology,Camfil,"Designs & manufactures ceiling systems and components for operating rooms or where clean processes are required that will simplify design, speed installation, and deliver superior performance in hospitals"
Air Balance,Carrier West – Lohmiller & Company,"Back draft and control dampers, Fire and smoke dampers & Louvers"
Air Distribution Concepts,Carrier West – Lohmiller & Company,Fabric Duct
Airbloc,Carrier West – Lohmiller & Company,Air curtains
American Coolair,Carrier West – Lohmiller & Company,"Centrifugal fans, Utility sets; Prop andvane/axial fans; Ceiling exhaust, in-linecabinet and transfer fans"
Anemostat,Carrier West – Lohmiller & Company,"Commercial grilles, registers air terminals& diffusers, Operating room and criticalenvironment systems, VAV and fan powered terminal units, Security air distribution products and security bars"
Aqua Products,Carrier West – Lohmiller & Company,Chillers – Air cooler
Ares,Carrier West – Lohmiller & Company,Make up air units – indirect fired
Broan,Carrier West – Lohmiller & Company,Power ventilators
Bryant,Carrier West – Lohmiller & Company,Packaged rooftop units—constant volume; furnaces— 80 to 96% efficient;Condensing units—air and watercooled
Burnham Boilers,Carrier West – Lohmiller & Company,High Efficiency Boilers
Captive Aire,Carrier West – Lohmiller & Company,Kitchen hood Systems: Grease Duct
Carrier,Carrier West – Lohmiller & Company,"Air handling units: Indoor and outdoor; Moduline, VAV and Fan powered terminalunits; Chillers: air and water cooled,condenser less; Condensers: air and water cooled; Condensing units: air and water cooled; Controls: DDC, VVT, Thermostats and zoning systems; Duct Coils: directexpansion, hot and chilled water; Duct free split systems; Energy recovery ventilators;Fan coils: vertical, horizontal and stacked;Furnaces: 80-96% efficient; Heat pumps: aircooled, geothermal and water source; IAC:germicidal lamps, CO2 controlled ventilation;Packaged rooftop units: VAV and constantvolume; Package air terminal units; Unitventilators"
Chromalox,Carrier West – Lohmiller & Company,Electric comfort heating products
Commercial Coils,Carrier West – Lohmiller & Company,Coils
Compu-Aire,Carrier West – Lohmiller & Company,Computer room AC units
Cool Water Technologies,Carrier West – Lohmiller & Company,Cooling towers
DCA,Carrier West – Lohmiller & Company,Dehumidification units: commercial and swimming pools
Dry Cooler,Carrier West – Lohmiller & Company,"Dry Coolers, chillers, cooling tower"
Embraco,Carrier West – Lohmiller & Company,Refrigeration Compressors andCondensing Units
Essick,Carrier West – Lohmiller & Company,Evaporative cooling units
First Company,Carrier West – Lohmiller & Company,Fan Coils and Packaged Air Handling Units
Global Plasma Solutions,Carrier West – Lohmiller & Company,Needle Point Bi-Polar Ionization
Honeywell,Carrier West – Lohmiller & Company,Controls
Hydro Therm,Carrier West – Lohmiller & Company,High efficiency boilers
IES,Carrier West – Lohmiller & Company,Evaporative cooling units
J P Environmental,Carrier West – Lohmiller & Company,"Sound attenuators, acoustical enclosure"
J&J Register,Carrier West – Lohmiller & Company,"Grilles, registers and diffusers"
John Guest,Carrier West – Lohmiller & Company,Speed fit plumbing fittings
King Electrical Manufacturing,Carrier West – Lohmiller & Company,"Electric heating: cabinet, unit, comfort heating"
Lexton Fans,Carrier West – Lohmiller & Company,Ceiling exhaust fans
LG Electronics,Carrier West – Lohmiller & Company,Ductless split systems
Lochinvar,Carrier West – Lohmiller & Company,Water Heaters
LRC Coil,Carrier West – Lohmiller & Company,Refrigeration Coils
Magic-Aire,Carrier West – Lohmiller & Company,"Fan coils: horizontal, vertical, rooftop units; Unit ventilators"
Micrometl,Carrier West – Lohmiller & Company,Energy recovery units; vibration isolation curbs.
Modine,Carrier West – Lohmiller & Company,"Make Up Air—Direct and Indirection Fired; Cabinet, Unit Duct, Evaporative Cooling; Terminal heat trans"
Movex,Carrier West – Lohmiller & Company,Lab and vehicle exhaust systems
Multiaqua,Carrier West – Lohmiller & Company,"Fan coils, small capacity, modular air-cooled chillers."
New Yorker Boiler,Carrier West – Lohmiller & Company,Standard efficiency cast iron boilers
Noise Control Products,Carrier West – Lohmiller & Company,Sound attenuators & enclosures
NTI Boilers,Carrier West – Lohmiller & Company,High efficiency boilers
Panasonic Fans,Carrier West – Lohmiller & Company,Ceiling Exhaust Fans
Plate Concepts,Carrier West – Lohmiller & Company,Plate & head exchangers
Powercold,Carrier West – Lohmiller & Company,Evaporative condensers
Redd-i,Carrier West – Lohmiller & Company,"Custom air handling units; Air curtains; Electric heating: cabinet, unit, comfort heating; Infrared heating"
Renewaire,Carrier West – Lohmiller & Company,Energy recovery ventilators
Re-Verber-ray,Carrier West – Lohmiller & Company,Infrared radiant heat
RFG,Carrier West – Lohmiller & Company,IAQ-Photohydrionization air purification system
Russell,Carrier West – Lohmiller & Company,Low Temp Refrigeration
Schwank,Carrier West – Lohmiller & Company,Infrared gas heaters
Siemens,Carrier West – Lohmiller & Company,Controls replacement parts; Variable frequency drives
Siemens/Staefa Talon,Carrier West – Lohmiller & Company,Direct digital control systems
Solar & Palau,Carrier West – Lohmiller & Company,"Centrifugal fans, utility sets; Gravity roof &penthouse ventilators; Prop and vane/axial fans;Ceiling exhaust, in-line cabinet and transfer fans;Filtered supply fans"
Taco,Carrier West – Lohmiller & Company,"Pumps, Valves, Controls and Heat Exchangers Team Custom air handling units"
Thermaflex,Carrier West – Lohmiller & Company,Flexible duct
Unico,Carrier West – Lohmiller & Company,"Fan coils, high velocity, small ductwork"
United Enertech,Carrier West – Lohmiller & Company,Back draft and control dampers; Fire and some dampers; Louvers
Van Paker,Carrier West – Lohmiller & Company,Flue Positive Pressure and Condensing Boiler Flue; Grease Duct and Free Standing Exhaust Flue
Venstar,Carrier West – Lohmiller & Company,Controls
Vent Aire,Carrier West – Lohmiller & Company,Vehicle Exhaust Systems
Warren,Carrier West – Lohmiller & Company,Electric duct heaters
Yogogawa,Carrier West – Lohmiller & Company,Refrigerant monitors
AAF International Inc,CFM Company,"Air Filters, HEPA Filter Modules, Fan Powered HEPAs, Dust Collectors"
ABB,CFM Company,Variable Frequency Drives
Accurex,CFM Company,"Commercial Kitchen Hoods, Energy Management Controls, Fire Suppression Systems, Utility Distribution Systems, Pollution Control Units, Pre-Fabricated Grease Duct, Exhaust Fans, Make-Up Air Units"
Company,CFM Company,Products/Services
AeroTech Manufacturing Co,CFM Company,Hydronic Radiant Ceiling Panels – Heating &Cooling
Air Concepts Inc,CFM Company,"Air Nozzles, Round Directional Grilles, Punkah Grilles, Drum Louvres"
Air Mate Selkirk,CFM Company,"Residential Grilles, Registers, Diffusers"
Alfa – Laval,CFM Company,"Plate & Frame Heat Exchange, Brazed Plate Heat Exchangers, Condensers, Water Cooled Heat Exchangers"
Amber/Booth-VMC,CFM Company,"Vibration Isolation, Vibration Control, Seismic Restraints, Floating Floors"
ANTEC Controls – by Price Industries,CFM Company,"Venturi Valves, Laboratory Room Controls, Fume Controls, Critical Controls"
AQC Dust Collecting Systems,CFM Company,"Dust Collection Systems, Source Capture Equipment, Fume Arms, Hose Reels, Portable Dust Collection"
Armstrong Monitoring,CFM Company,Gas Detection Systems
Armstrong Pumps Inc,CFM Company,"Centrifugal Pumps, HVAC Pumping Systems, Hydronic Expansion Products, Air Control & Specialty Products, Shell & Tube Heat Exchangers, Packaged HVAC Pumping Systems, Flo-Trex Combination Valves, Pump Suction Diffusers, Air Separators, Pump & Plant Controls"
Baltimore Aircoil Company (BAC),CFM Company,"Evaporative Condensers, Closed Circuit Cooling Towers, Factory Built Cooling Towers, Ice Storage Tanks & Ice Coils for Field Erected Thermal Storage Systems"
Berko,CFM Company,"Electric Resistance Comfort Heating Products, Electric Infrared Heat, Electric Radiant Panels"
BLC Industries,CFM Company,"Automatic Roll Filters, Side Service Filter Housing, ASHRAE HEPA Filters"
Blender Products,CFM Company,Engineering Air Mixing Systems & Equipment
Bromic Heating USA,CFM Company,Electric & Propane Patio Heating Product
Climate by Design International,CFM Company,"Desiccant Dehumidification Systems, OutsideAir Preconditioners, Low Dew Point Air Handling Units"
CCSolutions – Composite Cooling Solutions,CFM Company,"Pultruded Composite Counterflow Crossflow, Concrete Structural & Architectural Cooling Towers, Services Include Design/Engineering & Construction"
CFM Technologies,CFM Company,ABB – Variable Frequency Drive Start-Up
Containment Tech Corporation,CFM Company,"Bag-In/Bag-Out Filter Housings, V-Bed Carbon Absorbers, Skid Mounted Systems, Bubble Tight Isolation Dampeners"
Data Aire Inc,CFM Company,"Floor Mounted or Horizontal DX/Water Cooler Computer Room Air Conditioning, Remote Condensers & Fluid Coolers, Rack & Row Cooling Solutions"
Company/Brand,CFM Company,Products/Services
Desert Aire,CFM Company,"Indoor Pool Systems, Dedicated Outdoor Air Systems, Dehumidification Systems, Indoor Grow Systems"
Dri-Steem Humidifier,CFM Company,"Humidifier (Steam Injection, Electric, Gas, Steam-to-Steam, Liquid-to-Steam & Ultrasorb), Condensate Coolers"
DuctSox,CFM Company,"Fabric Air Dispersion Products, Laboratory Ventilation Products, Underfloor Distribution Products"
Dunham Bush,CFM Company,"Water Cooled & Air Cooled Chillers, Air Handling Units, Packaged DX Rooftop Units"
Dynamic Air Quality Solutions,CFM Company,Electrically Charged Filtration Systems & Carbon Matrix Filter Systems
Enervex,CFM Company,"Draft Equipment, Chimney Fans, Combustion Air Systems, Dryer Venting Systems"
FanAm Inc,CFM Company,Polypropylene Fans
Flow Control Incorporated,CFM Company,"Delta P Valves, Pressure Independent, Hydronic Control Valves"
Flexmaster,CFM Company,Spin-In Fittings & High-Low Pressure Flexible Duct
Governair,CFM Company,"Custom Air Handlers, Custom Penthouse Systems, Evaporative-Cooled Chillers & Packaged Air Handling Unit, Fanwall Technology"
Greenheck,CFM Company,"Fire Dampers, Smoke Dampers, Combination Fire/Smoke Dampers, Manual Dampers, Control Dampers, Backdraft Dampers, Ressure Relief Dampers, Flue Gas Isolation Dampers, Louvres, Louvered Penthouses, Gravity Hoods, Powered Roof Ventilators, Propeller Fans, Centrifugal &Industrial Fans, Tube Axial Fans, Vane Axial Fans, Industrial Application Fans, Direct/Indirect Gas Fired Make-Up Aire Units, Kitchen Ventilation Systems, Energy Recovery Units, VEKTOR Laboratory Exhaust Systems, Standard Motor Starters"
Greenheck,CFM Company,"Commercial Kitchen Hoods, Energy Management Controls, Fire Suppression Systems, Utility Distribution Systems, Pollution Control Units, Pre-Fabricated Grease Duct, Exhaust Fans, Make-Up Aire Units"
Greenheck,CFM Company,"High Volume Low Speed (HVLS) Fans, Large Destratification Fans, Fan Controls, Solar Powered High Volume Low Speed (HVLS) Fans"
H&C Flex,CFM Company,Commercial & Residential Flex Duct
Hansentek,CFM Company,Fire Protection & Fire Suppression for Duct Collection Systems
Hart & Cooley,CFM Company,"Commercial & Residential Grilles, Registers, Diffusers"
Company,CFM Company,Products/Services
HeatFab,CFM Company,AL29-4C Flue Pipe
Huntair,CFM Company,"Custom Air Handlers, Cleanroom Systems, Operating Room Systems, Fan Upgrade & Retrofits, Fanwall Technology"
IMI – Flow Designs Inc,CFM Company,"Automatic Flow Control Valves, Manual Flow Control Valves, Valve Piping Packages"
Indeeco,CFM Company,"Open Element & Finned Tubular Electric Duct Coils, Explosion Proof Electric Duct Coils, Explosion Proof Electric Unit Heaters, Electric Boilers, Electric Resistance Heating Products – Comfort Heat"
Industrial Combustion,CFM Company,"Burners for Cast Iron Sectional Boilers, Firebox, Commercial Water tube, Firetube, Furnace & Oven Applications"
KEES Inc,CFM Company,"Security Products, Access Doors"
Magic-Aire,CFM Company,"Classroom Unit Ventilators (Vertical, Horizontal, & Self-Contained)"
Mammoth,CFM Company,"Packaged DX & Evaporative Condensing Rooftop Units, Cooled & Evaporative Condensing Chillers, Standard & Ground Source Heat Pumps, Custom Penthouses, Fan wall Technology"
Masterduct,CFM Company,Industrial High-Low Pressure Flexible Ducs
Monoxivent – FRP Solutions,CFM Company,Underground Fiberglass Ductwork & Corrosion Resistant Ductwork
National Systems Garage Ventilation,CFM Company,"Carbon Monoxide Exhaust Systems, Vehicle Exhaust Systems, Welding Fume Exhaust Arms, Welding Hoods"
Nordfab Ducting,CFM Company,"High Pressure Duct & Fittings, Duct Control Accessories, Quick Clamps Duct"
PCI Paragon Controls Inc,CFM Company,Airglow & Pressure Measurement Control Devices
Plasticair,CFM Company,"AMCA Certified FRP Fans, Perchloric Acid Exhaust Systems Scrubber Fume Hoods for Heavy Acid & Perchloric Acid Usage, High Efficiency Wet Scrubbers &Mist Eliminators"
Powered Aire,CFM Company,"Air Curtains with Electric Heat, Hot Water Heat, Indirect Gas Heat, Unheated & Controls"
Price Industries,CFM Company,"Grilles, Registers, Diffusers, Linear Diffusers, Architectural Slot Diffusers, Terminal Units –VAV Boxes & Fan Powered Boxes, Air Quality Diffusers, Under Floor Distribution System, Displacement Air Systems, Security Products, Fan Coil Units, Sound Attenuators, Chilled Beams/Chilled Sails, Venture Valves, Lab & Fume Hood Controls, Controls/Displays/Sensors"
Puroflux,CFM Company,"Separators, Sand Filters"
Qmark,CFM Company,Electric Resistance Comfort Heating
Company,CFM Company,Products
Raymon-Donco,CFM Company,"Products, Electric Infrared Heat, Electric Radiant Panels<br>Light Troffers & Square to Rounds"
Roberts – Gordon Inc RPS Roof Product Systems,CFM Company,"CoRay-Vac, Gas Fired Infrared Tube Heaters & Gas Fired Unit Heaters<br>Roof Curbs, Equipment Supports, Duct & PipeSupports, Pipe Portals"
Runtal Radiator,CFM Company,"Hot Water Radiators (Perimeter, Specialty, Wall, Convective, Vertical, Ceiling, Column, & Omni Panel)"
Samsung,CFM Company,"Ductless & Variable Refrigerant Volume Flow (VFR) Systems, Air-Conditioning & Heating Technology, Water or Air-Cooled Heat Recovery Systems, Advance Systems Controllers"
Selkirk,CFM Company,"PS (Positive Pressure Stack Systems), Grease Duct, & Diesel Exhaust Flue, Zero Clearance Flue & AL 29-4C Stainless Steel Flue"
Semco Mfg Inc,CFM Company,"Single & Double Wall Round & Oval Spiral Pipe/Duct, Acoustic Sound Enclosure Panels, Sound Attenuators"
Smardt,CFM Company,"Magnetic Bearing Chillers – Water Cooled, Air Cooled, Evaporative Condensing Remote Condensers, Heat Recovery Chillers"
SolutionAir – by Price Industries,CFM Company,"Precision Environmental Control Units, Energy Recovery, Air Handling Units (Direct & Indirect Fired Make-Up Air), DX Cooling, Thermoshield"
Steril-Aire,CFM Company,UVC Emitters
Technical Systems Inc TSI Division of RAECorporation,CFM Company,"Air Cooled Condensing Units, Air Cooled Condensers, Air Cooled Water Chillers, Packaged Water Chillers, Hydronic Coils, Fluid Coolers, Condensing Units"
Temtrol Inc,CFM Company,"Central Station Units, Custom Air Handling Units, Penthouse Air HandlingUnits, Hydronic Coils, Fanwall Technology"
Thermaduct,CFM Company,"Exterior Insulated Ductwork, Indoor Round & Oval Ductwork"
Venmar,CFM Company,"Air to Air Heat Exchangers, Energy Recovery Units, Heat Recovery Units, Heat Pipes, Custom DX Air Handling Units, Gas Fired Air Handling Units, Pool Dehumidification Units, Fanwall Technology"
Vent Products Co Inc,CFM Company,"Backdraft & Control Dampers, Louvres, Louvred Penthouses, Gravity Hoods"
Ventrol,CFM Company,"Custom Handling Units, Knock Down (Field Re- Assembled) Air Handling Units, FanwallTechnology"
The VMC Group,CFM Company,"Vibration Isolation, Vibration Control, Seismic Restraints, Floating Floors"
Water Furnace,CFM Company,"Geo-Thermal Heat Pump Systems, Extended Range Commercial HeatPumps"
Weternaire/Westaire,CFM Company,"Custom Make-Up Air Units, Indirect/Direct Custom Air HandlingUnits"
Whalen Company,CFM Company,"Hi-Rise Vertical Stacked Fan Coil Units, Hi-Rise Vertical Stacked Heat Pumps"
Young Regulator,CFM Company,"Dampers, Concealed Regulators (Bowden Cable System)"
Zehnder Rittling,CFM Company,"Direct Driven Fan Coil Units, Belt Driven Fan Coil Units & Hi-Rise Fan Coil Units, Finned Tube Radiation/Baseboard, Convectors, Cabinet Unit Heaters, Unit Heaters, Radiant Ceiling – Heating & Cooling Panels"
Acudor,Colorado Springs Winair,Access Doors & fire rated
Avery Tape,Colorado Springs Winair,181UL approved & weather resistant tape
Broan,Colorado Springs Winair,"Commercial & Residential Exhaust Fans, Energy Recovery Ventilators, and KitchenHoods"
Certainteed,Colorado Springs Winair,"Duct Liner, Duct Wrap, Insulation"
Champion Coolers,Colorado Springs Winair,Residential and CommercialEvaporativeCoolers & Accessories
Comfort-Aire,Colorado Springs Winair,Room A/C and H/P Thru-the-Wall & PTAC's
Cozy,Colorado Springs Winair,Gas Fired Space Heating Top Vent or DirectVent
Custom Curb,Colorado Springs Winair,Custom Curbs Built to Order
Diversitech,Colorado Springs Winair,Condensor Pads (Ultra-Lite). CondensatePumps & manyaccessories
Ductmate,Colorado Springs Winair,Commercial Duct Connector
Duro Dyne,Colorado Springs Winair,"Duct Connector and Sealants, Turning Vane"
Fantech,Colorado Springs Winair,Inline High Velocity Fans (Residential &Commercial)
Field Controls,Colorado Springs Winair,Specialized Venters & Dampers
Fieldpiece First Company,Colorado Springs Winair,Testing Equipment
Brand/Manufacturer,Colorado Springs Winair,Products/Services
Flowaire Fans,Colorado Springs Winair,Commercial Fans & Kitchen Hoods
Friedrich,Colorado Springs Winair,Mini-Split A/C & H/P Systems Room Thru-the-Wall A/C and H/P
Geocell,Colorado Springs Winair,Silicone and Sealants
Glasfloss,Colorado Springs Winair,Poly & Pleated Filters
Hardcast,Colorado Springs Winair,Duct Sealant 181 UL – Residential &Commercial
Hart & Cooley,Colorado Springs Winair,"Registers, Residential and Commercial &FlexR-6 & R-8 Ratings"
JMF,Colorado Springs Winair,Line Sets and Copper Fittings
Magic-Aire,Colorado Springs Winair,Chilled Water to Expansion Air Blower Units to25Tons
Malco,Colorado Springs Winair,"Tools and Fasteners, Grooving Tools"
Markel,Colorado Springs Winair,Electric Wall Heaters and Baseboard Heaters
Mars,Colorado Springs Winair,Air Curtains
"Metal-Fab, Inc.",Colorado Springs Winair,"Type A & B vent, chimney liners, Big B vent, firedampers, Stainless steel commercialvent"
Nutech-Lifebreath,Colorado Springs Winair,Energy Recovery Ventilators & AirCleaners99% efficiency
Penn Barry Fans,Colorado Springs Winair,Commercial exhaust and supply fans
Reflectixs,Colorado Springs Winair,Thermo Duct Wrap
Reznor,Colorado Springs Winair,"Engineered Products - Direct and Indirect Fired Make-up Air Units, Unit Heaters &Tube Heaters"
Rinnia,Colorado Springs Winair,"Furnaces, water heaters and fireplaces."
Samsung,Colorado Springs Winair,Mini Splits
Sanyo - Panasonic,Colorado Springs Winair,Mini splits
Skuttle,Colorado Springs Winair,"Flow thru, Under duct, steam and self-containedsteam humidifiers"
Snappy,Colorado Springs Winair,"Sheetmetal Ductwork and Air Distribution Products, All Gauges, and Spiral Pipe andFittings"
Suncourt,Colorado Springs Winair,Duct Fans
Tamarack,Colorado Springs Winair,Specialized whole house fans
Tinknocker,Colorado Springs Winair,Sheetmetal Equipment
Tuttle & Bailey,Colorado Springs Winair,"Commercial Registers, Fan coils, boxes & VaVs"
United Enertech,Colorado Springs Winair,"Louvers, motorized dampers, control dampers,fire dampers, & fire/smoke dampers"
Warren Heaters,Colorado Springs Winair,Specialized electric heaters
Western Vent,Colorado Springs Winair,"Relief Hoods, Curb & Custom Roof Supports"
Zone First,Colorado Springs Winair,"Duct zoning, dampers, boards and controls"
Advanced Distributor Products,Comfort Air Distributing Company,"Air Coils, Air Handling Units, AirHandling Units with Coils, Gas Fired Unit Heaters"
Aprilaire,Comfort Air Distributing Company,"Humidifiers, Ventilation, Zoning Dampers, Thermostats"
Aerys Enterprise Solutions,Comfort Air Distributing Company,Air Purification
Berry Global,Comfort Air Distributing Company,HVAC Tapes
Broan,Comfort Air Distributing Company,"Bath Fans, Centrifugal Fans, Heat Recovery (HRV's), Energy Recovery (ERV's), HEPA filters"
Bosch,Comfort Air Distributing Company,"Ductless Mini Split, Furnace, Air Handlers and Condensing Units"
CDI Curbs,Comfort Air Distributing Company,Curbs and Curb Adaptors
Centrotherm ECO Systems LLC,Comfort Air Distributing Company,High Efficiency Flue Gas Ventilation
Climate Master,Comfort Air Distributing Company,"Geothermal ground source heat pumps, water source heat pumps and water to water heat pumps"
Continental,Comfort Air Distributing Company,Fans
Cozy,Comfort Air Distributing Company,"Heaters, Room and Wall"
Crown,Comfort Air Distributing Company,Boilers
Diversitech,Comfort Air Distributing Company,"Condenser & Furnace Pads, Condensate Pumps"
Ecobee,Comfort Air Distributing Company,Thermostats
Enerco,Comfort Air Distributing Company,"Infra-red, Tube Heaters"
ESCO Institutes,Comfort Air Distributing Company,EPA certification
Manufacturer/Brand,Comfort Air Distributing Company,Products/Services
EWC Controls,Comfort Air Distributing Company,HVAC System Zoning
Fantech,Comfort Air Distributing Company,Commercial exhaust fans
Fieldpiece,Comfort Air Distributing Company,Instruments and Gauges
First Company,Comfort Air Distributing Company,"Air Handling Units with Coils, Coils, Steam, Hydronic and DX"
GeneralAire,Comfort Air Distributing Company,Humidifiers
Glasfloss Industries,Comfort Air Distributing Company,Air Filters
Hardcast,Comfort Air Distributing Company,Duct Connector and Sealants
Honeywell,Comfort Air Distributing Company,"Humidifiers, Indoor Air Quality, Temperature Controls, Thermostats; Hydronic"
J.P. Lamborn,Comfort Air Distributing Company,Flexible Duct
JB Industries,Comfort Air Distributing Company,Instruments and gauges
Kidde,Comfort Air Distributing Company,"Smoke Detectors, Co2 Detectors"
Little Giant,Comfort Air Distributing Company,Condensate pump
Magic-Aire,Comfort Air Distributing Company,"Air Handling Units, Air Handling Units with Coils, Coils, Steam, Hot Water and DX"
Malco,Comfort Air Distributing Company,"HVAC/R Hand Tools, Sheet Metal Screws"
Mars,Comfort Air Distributing Company,Motors & accessories
McDaniel Metals,Comfort Air Distributing Company,"Roof Curbs, Custom Curbs, Curb Adapters"
Selkirk/DuraVent,Comfort Air Distributing Company,Flue Pipe
Modine,Comfort Air Distributing Company,"Fuel Fired Heaters (Make-Up Air), Heaters, Direct Fired Gas, Heaters, Gas, Steam, and Hot water, Infra-red, Tube Heaters, Unit Heaters"
Mueller,Comfort Air Distributing Company,Refrigeration Piping
Multi Aqua,Comfort Air Distributing Company,"Chilled water air conditioning systems, Air Cooled Chillers, Variable Speed Chillers"
NATE,Comfort Air Distributing Company,Concealed Chilled Water Fan Coils
Nu-Calgon,Comfort Air Distributing Company,Coil Cleaners
Panasonic,Comfort Air Distributing Company,HVAC/R Replacement Parts
Pro1,Comfort Air Distributing Company,Thermostats
Protech,Comfort Air Distributing Company,Rheem Replacement Parts
RGF,Comfort Air Distributing Company,Air Purifiers
Rectorseal,Comfort Air Distributing Company,Rheem Replacement Parts
Rheem,Comfort Air Distributing Company,"Air Coils, Air Handling Units, Air Handling Units with Coils, Covers, Curbs, Electric Heat Units, Filters, Furnaces, Heat Pumps, Packaged Rooftop A/C Units, Unitary"
Rheem,Comfort Air Distributing Company,"Commercial/Residential Water Heaters, Tankless Water Heaters"
Ritchie Engineering Co,Comfort Air Distributing Company,"HVAC Tools, Yellow Jacket"
"Rooftop Systems, Inc.",Comfort Air Distributing Company,"Commercial/Residential Water Heaters, Tankless WaterHeaters"
Shoemaker,Comfort Air Distributing Company,"Mini split A/C units, Multi Zone Systems Grilles, Registers, Louvers, Fire Dampers, Fire/Smoke Dampers"
Solar & Palau,Comfort Air Distributing Company,"Commercial/Residential Exhaust Fans, Louvers, Utility Sets, HRV-ERV's"
Southwark,Comfort Air Distributing Company,Ductwork
Spacepak,Comfort Air Distributing Company,High Velocity Air Handling Equipment
Company,Comfort Air Distributing Company,Products/Services
Stelpro,Comfort Air Distributing Company,"Residential/Commercial, Electric Wall, Duct, MUA, Cabinet, Ceiling,Unit Heaters & Baseboard Heaters"
System Sensor,Comfort Air Distributing Company,Duct Smoke Detectors
Thermo Tek,Comfort Air Distributing Company,"Modular make up air units, kitchen ventilation products"
Tjernlund,Comfort Air Distributing Company,Power vent
Advanced Distribution Products A/C Coils,Denver Winair,A/C Coils
Aero-Cool Duct Fans,Denver Winair,Duct Fans
American Standard Heating & Air,Denver Winair,"Residential & Commercial Heating & Air Conditioning, Heat Pumps to 25 Tons. Electric Furnaces, Air Handlers"
AO Smith,Denver Winair,Water Heaters
Aprilaire,Denver Winair,Humidifiers
Arzel,Denver Winair,Zoning systems
Broan,Denver Winair,"Commercial & Residential exhaust fans, energyrecovery ventilators & kitchen hoods"
Captive Aire,Denver Winair,Commercial kitchen ventilation
Company/Brand,Denver Winair,Products/Services
Certainteed,Denver Winair,"Duct Liner, Duct Wrap, Insulation"
Coleman Safety,Denver Winair,Smoke Detectors and Duct Detectors
Comfort-Aire,Denver Winair,Room A/C and H/P thru the Wall
Cozy,Denver Winair,Gas Fired Space Heating Top Vent or Direct Vent
Custom Curb,Denver Winair,Custom Curbs Built to Order
"Des Champs Labs, Inc.",Denver Winair,Pool Room Dehumidifiers; Air to Air Exchangers
Dial,Denver Winair,Evaporative Cooler Parts and Supplies
Diversitech,Denver Winair,Furnace Pads (Cladite and Ultra-Lite). Condenser Pads - Light Weight Pads
Dormont,Denver Winair,Stainless Gas Connectors
Duro Dyne,Denver Winair,Commercial Duct Connectors
"Dwyer Instruments, Inc.",Denver Winair,"Duct Connector and Sealants, Turning Vane"
Fantech,Denver Winair,Fans and accessories
Field Controls,Denver Winair,Air Measuring Devices
Fieldpiece,Denver Winair,Testing Equipment
First Company,Denver Winair,"Chilled Water, Hot Water DX Coils, Blower Units and Condensing Units to 5 Tons"
Florida Heat Pump,Denver Winair,Geothermal heat pumps
Friedrich,Denver Winair,Mini-Split A/C and H/P Systems Room Thru-the- Wall A/C & H/P
Gastite,Denver Winair,FlashShield CSST pas piping & fittings
General Electric,Denver Winair,"Electric Motors 120 Volt thru 480 Volt, Single and 3-Phase"
Halstead/Mueller,Denver Winair,Line Sets and Copper Fittings (American Made)
Hardcast,Denver Winair,"Duct Sealant, Firesafing Sealants"
Hart & Cooley,Denver Winair,"Grilles and Registers, Residential and Commercial Designer Brass and Colored; Insulated & Uninsulated Flexible Duct R-6 Isolation ""Standard"", Vinyl & Mylar Jackets"
Honeywell,Denver Winair,Electronic Air Cleaners; Residential and Light Commercial Controls and Gas Products
JB Industries,Denver Winair,"Gauges, manifolds and hoses"
JPL,Denver Winair,Insulated and insulated flexible duct
Kidde,Denver Winair,"Carbon monoxide detectors, smoke detectors"
Kirk & Blum,Denver Winair,Industrial Air Systems and Blast Gates
Klenk,Denver Winair,Aviation Snips
LAU,Denver Winair,"Bearings, Blowers, and Blades"
LG,Denver Winair,Mini splits
Lima,Denver Winair,Grilles and Registers. Residential and Commercial
Little Giant,Denver Winair,Condensate and Submersible Pumps
Macurco,Denver Winair,"Gas Detectors, Detects CO2, Methane, etc."
Brand/Manufacturer,Denver Winair,Products/Description
Magic-Aire,Denver Winair,Chilled Water to Expansion Air Blower Units to 25 Tons
Main Line,Denver Winair,"Louvers, Fire Dampers, Smoke and Fire Dampers"
Malco,Denver Winair,"Tools and Fasteners, Grooving Tools"
Markel,Denver Winair,Electric Wall Heaters and Baseboard Heaters
Mason,Denver Winair,Vibration Isolators
"Metal-Fab, Inc.",Denver Winair,"Type ""A"" Vent for Wood Burning Fireplaces. Single Wall, Double Wall, and Double Wall Insulated; Gas Vent Type ""B"" & Chimney Liners 3"" to 30"" Diameters"
Modine,Denver Winair,"Engineered Products - Direct and Indirect Fired Make-Up Air Units to 60,000 cfm and Unit Heaters"
Newtron,Denver Winair,High Efficiency Electrostatic Air Cleaners
Nibco,Denver Winair,PVC Plastic Pipe and Fittings
Nu-Calgon,Denver Winair,"Chemical Products, coil cleaners, flushing kits"
Nutech,Denver Winair,Energy Recovery Ventilators Air to Air Exchangers
Penn Ventilator,Denver Winair,Commercial Exhaust and Supply Fans
Polyken,Denver Winair,"Duct, Foil, Foilastic, Electrical and Pressure Sensitive Tape"
Quickflash,Denver Winair,Weatherproofing Pipe Flashing
Respicaire,Denver Winair,Indoor Air Quality products
Reverso-matic,Denver Winair,Residential and Light Commercial Fans with Fire Damper Pre-installed
Reznor,Denver Winair,Engineered Products - Direct and Indirect Fired Make-Up Air Units and Unit Heaters
RGF,Denver Winair,"Indoor Air Quality, Purifiers"
Rinnai,Denver Winair,"Water Heaters, Ductless Heaters"
Service First,Denver Winair,Motors & Components for American Standard/Trane Heating & Air Conditioning. Duration & Climatuff Compressors with Roto- Lock Fittings to 25 Tons.
Sharkbite,Denver Winair,Quick Connect Plumbing Fittings
Shubee,Denver Winair,"Shoe Covers, Protective Gear"
Skuttle,Denver Winair,"Flow Thru, Under Duct, Steam and Self-Contained Steam Humidifiers"
Snappy,Denver Winair,"Sheet Metal Ductwork and Air Distribution Products, All Gauges, Spiral Pipe & Fittings Plastic Bladed DuctFans"
Suncourt,Denver Winair,Plastic Bladed Duct Fans
Thermo Tek,Denver Winair,"Make up air, exhaust"
Tjernlund,Denver Winair,Side Wall Venters
Brand/Manufacturer,Denver Winair,Products/Services
Trion,Denver Winair,Electronic and Media Air Cleaners and Smoke Abatement Fans
Trol-A-Temp/Honeywell,Denver Winair,Automatic Zone Controls and Temperature Control
U-Brand,Denver Winair,PVC Plastic Pipe and Fittings
U-Brand/Ward,Denver Winair,Gas Pipe and Fittings (American Made)
UEI,Denver Winair,"Meters, Leak Detection"
Unico,Denver Winair,"Hi-Pressure/Hi-Static Chilled Water, Hot Water, DX Coil Blower Units"
USA Coil,Denver Winair,"Steam, Hot Water, Chilled Water, DX Coils Made to Order"
Vermette,Denver Winair,Multi-purpose Lifts
Warren Electric,Denver Winair,Electric Duct Heaters
Weatherite,Denver Winair,"Engineered Products, Direct and Indirect Fired Make-up Air Units"
White Rodgers,Denver Winair,Residential and Light Commercial Controls and Gas Products
ADP,Charles D. Jones Co.,DX Coils
Aerionics,Charles D. Jones Co.,Macurco CO Systems
Aerocool,Charles D. Jones Co.,"Evaporative Cooler, Residential and Commercial"
Air Products & Control,Charles D. Jones Co.,Smoke Detectors
American,Charles D. Jones Co.,Water Heater and Storage Tanks
Amprobe,Charles D. Jones Co.,Test Instruments
Appion,Charles D. Jones Co.,Refrigerant Recovery Equipment
Aqua,Charles D. Jones Co.,Products Chillers
Argo,Charles D. Jones Co.,Hydronic BBR
Armstrong,Charles D. Jones Co.,Pumps
Arzel,Charles D. Jones Co.,Pneumatic Zone Control Systems
Axiom,Charles D. Jones Co.,Glycol Feeders
B&G,Charles D. Jones Co.,Hydronic pumps and accessories
Belimo,Charles D. Jones Co.,Actuators and Valves
Boiler Buddy,Charles D. Jones Co.,Non ASME Buffer Tanks
Breezair/Convair,Charles D. Jones Co.,High Efficiency Evaporative Coolers
Caleffi,Charles D. Jones Co.,Hydronic valves and controls
Carlyle,Charles D. Jones Co.,AC & Refrigeration Compressors
CDI,Charles D. Jones Co.,Adapter Curbs
Climatic,Charles D. Jones Co.,Electronic Air Cleaner
Coil Company,Charles D. Jones Co.,Custom Hydronic and DX Coils
Comfort Aire,Charles D. Jones Co.,PTAC
Cozy,Charles D. Jones Co.,Wall Furnaces and Space Heating
Danfoss,Charles D. Jones Co.,Hydronic Controls; AC & Refrigeration Compressors
Delfield,Charles D. Jones Co.,Refrigeration
Dell,Charles D. Jones Co.,Electric Duct Heaters
Dial,Charles D. Jones Co.,Evap Cooler Accessories
Drake,Charles D. Jones Co.,Chillers
Dupont,Charles D. Jones Co.,Refrigerants
Duravent,Charles D. Jones Co.,Venting Products
Brand/Manufacturer,Charles D. Jones Co.,Products/Specialties
E-Instruments,Charles D. Jones Co.,Combustion Analyzers
Enbraco,Charles D. Jones Co.,Aspera/Bristol Compressors
Fantech,Charles D. Jones Co.,"Exhaust Fans, ERV and HRV"
Field Controls,Charles D. Jones Co.,Venting Systems & Solutions
Fieldpiece,Charles D. Jones Co.,Text Instrument
Fireye,Charles D. Jones Co.,Flame Safeguard Controls
First Company,Charles D. Jones Co.,Air Handling Units; Fan Coil Units
Flanders,Charles D. Jones Co.,Filters and Filtration Products
Fluke,Charles D. Jones Co.,Test Equipment
Frenox,Charles D. Jones Co.,Hydronic Chemicals
Functional Devices,Charles D. Jones Co.,RIB Relays and Controls
Gates,Charles D. Jones Co.,Belts
GEA,Charles D. Jones Co.,Hydronic Heat Exchangers
GeneralAire,Charles D. Jones Co.,Humidifiers and Air Filtration
Global Plasma,Charles D. Jones Co.,IAQ Products
Grundfos,Charles D. Jones Co.,Pumps and Hydronic Specialties
Hart & Cooley,Charles D. Jones Co.,"Grilles, Registers, and Diffusers; Flexible Duct"
Heat Controller,Charles D. Jones Co.,Geothermal Heat Pumps
Heatcraft/Larkin,Charles D. Jones Co.,Refrigeration Equipment and Coils
Hoffman,Charles D. Jones Co.,Steam Specialties
Honeywell,Charles D. Jones Co.,Flame Safeguard Controls; Hydronic valves andcontrols; HVAC Controls; IAQ Products; VFD
Intermatic,Charles D. Jones Co.,Paragon Time Controls
Johnson Controls,Charles D. Jones Co.,HVAC Controls
Klein,Charles D. Jones Co.,Tools
Kreuter Mfg,Charles D. Jones Co.,KMC
Magic Aire,Charles D. Jones Co.,Air Handling Units
Malco,Charles D. Jones Co.,Fan Coil Units
Manitowoc,Charles D. Jones Co.,Sheetmetal Tools
Mars,Charles D. Jones Co.,Ice Machines
Maxitrol,Charles D. Jones Co.,Air Doors
McDonnel Miller,Charles D. Jones Co.,Gas Regulators and Controls
Metalfrio,Charles D. Jones Co.,Freezer Cabinets
Milwaukee,Charles D. Jones Co.,Tools
Mitsubishi,Charles D. Jones Co.,Mr. Slim Ductless Systems; City Multi VRF – Commercial
Mueller,Charles D. Jones Co.,ACR and M Cooper Tube and Fittings
Multi Aqua,Charles D. Jones Co.,Chillers & Fan Coil Units
NTI,Charles D. Jones Co.,Boilers
Nu Calgon,Charles D. Jones Co.,Chemicals
Packard,Charles D. Jones Co.,Refrigeration Motors
Packless,Charles D. Jones Co.,Refrigeration Heat Exchangers
PDM,Charles D. Jones Co.,Gel Copper Line Sets
Brand/Manufacturer,Charles D. Jones Co.,Products/Specialties
Peerless,Charles D. Jones Co.,Cast Iron Water & Steam Boilers
Phoenix,Charles D. Jones Co.,"Evaporative Cooler, Residential and Commercial"
Plenums,Charles D. Jones Co.,Adapter Curbs & Sheetmetal Specialties
Power Flame,Charles D. Jones Co.,Power Burners
Quietflex,Charles D. Jones Co.,Flexible Ductwork
Raypak,Charles D. Jones Co.,Hydronic Boilers; Domestic Water Boilers; ASME Buffer Tanks
Regal Beloit,Charles D. Jones Co.,AO Smith Motors
RenewAire,Charles D. Jones Co.,Energy Recovery Ventilators
Reznor,Charles D. Jones Co.,Unit Heaters; Radiant Tube Heaters; Infra-red Tube Heaters; Duct Furnaces; Direct/Indirect Fired MUA; Applied MUA Products
Rinnai,Charles D. Jones Co.,Boilers; Tankless Water Heaters; Direct Vent Heaters; Fan Coil Units
Ritchie/Yellowjacket,Charles D. Jones Co.,Refrigeration Tools
Rooftop Systems,Charles D. Jones Co.,Adapter Curbs
Schneider Electric,Charles D. Jones Co.,Pneumatic & Electric Controls
Selkirk Metalbestos,Charles D. Jones Co.,Venting
Siemens,Charles D. Jones Co.,HVAC Controls
Slant Fin,Charles D. Jones Co.,Hydronic BBR
Southwark,Charles D. Jones Co.,"Galvanized Pipe, Duct and Fittings Hi Velocity Air Conditioning"
Spacepak,Charles D. Jones Co.,Refrigeration
Sporlan,Charles D. Jones Co.,Red T Mobile Home Furnaces
Stylecrest,Charles D. Jones Co.,Pumps and Hydronic Specialties
Taco,Charles D. Jones Co.,Refrigeration Compressor/Condensing Units
Tecumseh,Charles D. Jones Co.,Snowmelt and Hydronic Control
Tekmar,Charles D. Jones Co.,Flexible Pipe Connectors
Thermo Tech,Charles D. Jones Co.,Direct and Indirect Fired MUA
Thermo Tek,Charles D. Jones Co.,"Air Handlers, Direct/Indirect Fired & Electric MUA"
Titan Air,Charles D. Jones Co.,Power Venting Solutions
Tjernlund,Charles D. Jones Co.,Test Equipment
TPI Test,Charles D. Jones Co.,Electric Duct Heaters
Tutco,Charles D. Jones Co.,Commercial Zoning Systems
Wattmaster,Charles D. Jones Co.,Hydronic Controls
Watts,Charles D. Jones Co.,Hydronic Isolation Valves
Webstone,Charles D. Jones Co.,HVAC Controls
White Rodgers,Charles D. Jones Co.,Fan Coil Units
Williams,Charles D. Jones Co.,Pumps
Wilo,Charles D. Jones Co.,"Air Conditioning, Residential and Commercial; Air Handling Units; Furnaces; Heat Pumps; Rooftop Equipment up to 65 Ton"
Air Handling Equipment,Engineered Air,"Packaged DX cooling with direct and indirectgas fired heat sections, electric heat, HWH coil, steam coils, with FC, AF, B1 supply and return fans for custom applications"
BKM Thermal Storage,Engineered Air,NEEDS PRODUCT DESCRIPTION
Cleanroom Equipment,Engineered Air,"Custom built recirculation, make up air, heating and cooling units for all cleanroom applications. Power coated or stainless-steel finishes, complete welded and wash down construction. Flush ceiling grid systems for Hospitals, Universities, Semiconductor and Pharmaceutical Cleanroom applications. Grids can include LED lighting, Sprinkler systems, laminar flow air distribution, fan powered HEPA filtration. Single point connections and can also be incorporated into a structural plenum system that can support the Recirculation Air handling units on top. The grids are provided as an aluminum extrusion with a powder coated finish as well as an all Stainless Steel (304 or 316L) grid system that can withstand the harsh chemicals used in the fumigation or wipe-down process."
Condensing Units and Chillers,Engineered Air,"Special application air cooled, evaporative condenser cooled, water cooled condensing units and Chillers Stand alone or package units."
Direct/Indirect Evaporative Cooling Systems,Engineered Air,"High efficiency direct, indirect or a combinationof direct and indir ect evaporative coolingsystems built for your application and yourspace."
Electric Heat,Engineered Air,"Electric heating, ventilating, makeup air equipment with SCR or binary staged controls with wound or enclosed and sheathed elements. Stand alone or packaged."
Energy Recovery,Engineered Air,"All types of energy recovery manufactured and installed by EngA including Heat pipe, Heat wheel, Air to air plate type Exchangers. Water, glycol run around systems as stand-alone or packaged with heating & cooling functions."
Gas Fired Heating and Make Up Air Units,Engineered Air,"Natural gas & propane direct fired and Indirect fired heating & ventilating, makeup air equipment with high turn down ratio including 90%. Efficient indirect fired gas makes up air units up to 3,000 MBH input."
Hydronic Heating and Cooling Electric Heat,Engineered Air,"Radiant ceiling panels, cabinet unit heaters wall fin radiation, horizontal/vertical unit heaters converters unit ventilators. Hot Water, steam, integral face and bypass heating, chilled water, DX cooling coils."
Made to Order Application Specific Equipment,Engineered Air,"Engineered Air will build all of your equipment to your specifications and for your application whether it be Air handlers with heating, cooling, Nesbitt, Typhoon and Correct Air Replacement Units, heat reclaim coils, upgraded features and construction levels including, forward, curved, backward inclined, air foil, centrifugal, SWSI, AMCA A, B & C fans, as well as plenum fan arrays for all applications."
"Nesbitt, Typhoon and Correct Air Replacement Units",Engineered Air,We have integrated these well-known companies into the Engineered Air family and can provide exact replacement units for retrofit and renovation projects.
Waste Water and Water Treatment,Engineered Air,"All of our equipment can be custom built for water and waste water treatment applications including special coatings like siloxane or complete stainless-steel construction as well as Tri-Med Oxidation Equipment, ultra violet light and positive ion generation equipment for air sanitation and odor control applications"
Manufacturers,Engineered Products,Product Description
Armstrong,Engineered Products,Steam Humidification Systems
AtmosAir,Engineered Products,Bi-Polar Ionization
Aquanomix,Engineered Products,Water System Management
Camus,Engineered Products,Hydronic Boilers
ClimaCool,Engineered Products,"Modular Water and Air Cooled Chillers, Heat Recovery Chillers"
ClimateCraft,Engineered Products,Semi-Custom and Custom Air Handling Units
ClimateMaster,Engineered Products,Water Source and Geothermal Heat Pumps
Cooney Coils,Engineered Products,Non-Freeze Coils
Danfoss,Engineered Products,Variable Frequency Drives
Duravent,Engineered Products,Gas and Grease vent pipe
FlowTech,Engineered Products,Chemical free water treatment system
Heat Pipe,Engineered Products,Passive and active energy recovery systems. Pumped Glycol Heat Recovery Systems
Hitachi,Engineered Products,VRF and Mini-Split Systems
ICE Western,Engineered Products,Gas Fired Make Up Air Units and Semi-Custom Packaged Rooftop Units
IEC,Engineered Products,Fan Coil Units
Kelvion,Engineered Products,Dry Coolers
Lennox,Engineered Products,"Packaged Rooftop Units and VRF, and Mini-Split systems"
Marley / SPX,Engineered Products,Cooling Towers and Fluid Coolers
NuTech,Engineered Products,Balance valves and valve packages
PEP / Amiad,Engineered Products,Water Filtrations Systems
Quantech,Engineered Products,Water and Air Cooled Chillers
Quest,Engineered Products,Dehumidification Units
Reftekk,Engineered Products,Bendable Copper Pipe for water and DX systems
Seasons4,Engineered Products,"Custom DX Solutions, replacement rooftop units"
Semco,Engineered Products,"Energy recovery units, wheels and air handling units"
Seresco,Engineered Products,Pool Dehumidification Units
Sterling,Engineered Products,"Cabinet Unit Heaters, Unit heaters, Radiant Ceiling Panels and Finned Tube Radiation"
TMI,Engineered Products,Custom Air Handling Units
Tranter,Engineered Products,Plate & Frame Heat Exchangers
O,Federated Insurance,913.489.7875       www.federatedinsurance.com
C,Federated Insurance,208.982.0426      sdcooke@fedins.com
Manufacturers,General Air,Product Description
3M,General Air,Carbon Arc Gouging Equipment
Arcair,General Air,Welding & Brazing Alloys
Chart,General Air,Plasma Cutting Equipment
Dewalt,General Air,Welding Equipment & Filler Metal
ESAB Welding and Cutting Products,General Air,Welding Equipment
Fibre-metal Products,General Air,"Industrial, Medical and Specialty Gases (oxygen, nitrogen, helium, etc.)"
Hobart Brothers Company,General Air,Carbon Dioxide
Hypertherm,General Air,Gas Apparatus & Oxy-Fuel Equipment
Ingersoll-Rand,General Air,Hardsurfacing and Brazing Alloys
Jackson Safety Products,General Air,Arc Welding Guns and Accessories
Jet,General Air,Gas Apparatus and Oxy-Fuel Equipment
Klein Tools Inc.,General Air,"Acetylene, Propylene"
Kobelco,General Air,Safety Equipment
Company/Brand,General Air,Product/Category
Lincoln Electric,General Air,Personal Protective Equipment
Mathey Dearman Inc.,General Air,Sait
Metabo Corporation,General Air,Smith
Miller Electric Manufacturing Company,General Air,Stoody
Milwaukee Electric Tool Corporation,General Air,Tweco Products
North Safety Products,General Air,Uvex
Norton Abrasives,General Air,Victor Equipment
Praxair,General Air,Weiler
Reliant,General Air,Western International Gas
ADP,Hercules Industries,Air Coils
Aerovent,Hercules Industries,Packaged Rooftop Units
Allied Air,Hercules Industries,Engineered Underground Duct System
AQC Blue Duct,Hercules Industries,Furnaces; Air handling
ARES,Hercules Industries,"HVAC Piping Insulation, Duct Insulation"
Armacell,Hercules Industries,"Condensing Unit, Furnaces, Heat Pumps, Air Coils, Air Handling, Air Handling with Coils"
Armstrong,Hercules Industries,Water Heaters
Bradford White,Hercules Industries,"Heat Exchangers, Electric Heat Units, Energy Recovery Units, Centrifugal Fans, Power"
Broan,Hercules Industries,Ventilators
Cambridge Lee,Hercules Industries,Lines Sets
Dial,Hercules Industries,HVAC Pumps
Dura Flange,Hercules Industries,Spiral Pipe Connectors
DuraVent,Hercules Industries,"Gas Vent Pipe, Positive Pressure Chimney System"
Duro-Dyne,Hercules Industries,"Sheet Metal Machinery, Hand Tools, HVAC Accessories and Duct Hanging Systems, Flange Connectors"
Engineered Acoustics,Hercules Industries,Duct Silencers
Engineered Comfort,Hercules Industries,"Fan Coil Units – Horizontal & Vertical Stacked Residential Fans (inline, axial, vent, duct, booster)"
Fantech,Hercules Industries,"Gauges, Meters, Instrumentation"
Fieldpiece,Hercules Industries,"Terminal Heat Transfer Units, Air Handling, Air Handling with Coils"
Gripnail Products,Hercules Industries,"Mechanical Fasteners, Sheet Metal Machinery"
Hardcast,Hercules Industries,Ductwork accessories
Hercules Industries,Hercules Industries,"Air Distribution, Residential and Commercial (Custom Fabrication), Sheet Metal Duct & Fittings, MightyBlue Duct Film; Steel Processing; Steel Sheet & Coil, Slit Coil; Rectangular Duct, Spiral & Oval Pipe, Fiberglass Duct, Grease Duct & Exhaust Systems"
Honeywell,Hercules Industries,"Humidifiers, Air Cleaning Devices, Control Systems."
Iowa Precision,Hercules Industries,Custom Designed Coil Processing
ISM Machinery,Hercules Industries,Tube Formers
JB Industries,Hercules Industries,"Refrigeration Products, & Accessories"
Johns Manville,Hercules Industries,Insulation
Manufacturer/Brand,Hercules Industries,Products/Specialties
JP Lamborn,Hercules Industries,Flex Duct & Sleeve
Kees,Hercules Industries,Ductwork Accessories
LAU Industries Inc.,Hercules Industries,Air Handling
LG,Hercules Industries,"Ductless Split Systems, PTAC, VRF"
Lennox,Hercules Industries,Air Outlets & Inlets
Lindab,Hercules Industries,Terminal Heat Transfer Units; Air Handling with Coils; TPAC
Magic-Aire,Hercules Industries,PTAC
Magic-Pak,Hercules Industries,Hand Tools
Malco,Hercules Industries,Electric heat units
Markel,Hercules Industries,Motors & Accessories; Air Curtains
Mars,Hercules Industries,Access Doors
Mifab,Hercules Industries,Sealants & adhesives; Ductwork accessories
Mighty Tough,Hercules Industries,Access Doors
Milcor,Hercules Industries,"FRP Duct, Vent Systems"
Monoxivent,Hercules Industries,Pipe & Pipe Fittings; Refrigerant Piping
Mueller,Hercules Industries,"Air terminal units, grilles, registers, diffusers, louvers, dampers, fire dampers, smoke dampers, fire/smoke dampers"
Nailor,Hercules Industries,"ERV, Power Ventilators & Fans"
Panasonic,Hercules Industries,FRP Duct Systems
PEC,Hercules Industries,"Commercial Exhaust Fans, Gravity Hoods, Industrial Fans, Supply Fans, Kitchen Hoods, Make-up Air, Energy Recovery"
PDM Linesets,Hercules Industries,Evaporative Cooling Units
Phoenix Manufacturing,Hercules Industries,Sealants & Adhesives
Polymer Adhesives,Hercules Industries,"Chimneys, Breechings, AL29-4C"
Pro Tech Systems,Hercules Industries,Air Filters
Purolator,Hercules Industries,Electric Heat Units
Q-Mark,Hercules Industries,Ductwork Accessories
QSO,Hercules Industries,Fabric Duct
QSox,Hercules Industries,Sheet Metal Machinery
RAMS,Hercules Industries,"Infrared Radiant Heat; Heat Generation; Indoor/Outdoor Packaged Furnaces; Air Handling, Make-up Air; Unit Heaters, Make-up Air"
Reznor,Hercules Industries,Sheet Metal Forming Machinery
Roper Whitney,Hercules Industries,Sheet Metal Machinery
Roto-Die,Hercules Industries,Air Distribution; Air Outlets & Inlets
Shoemaker,Hercules Industries,"Powered Roof Ventilators, Propeller Fans, Centrifugal & Industrial Fans, Residential Fans (Inline Axial, Dryer Vent, Duct Booster)"
Solar & Palau,Hercules Industries,"Spiral Pipe Forming Machines, Fitting Machines & Accessories"
Spiral-Helix,Hercules Industries,Registers & Grilles
SteelCrest,Hercules Industries,In Floor Electric Radiant Heat
Step Warmfloor,Hercules Industries,Sheet Metal Forming Machinery
Tennsmith,Hercules Industries,Air Handlers
Thermal Corp,Hercules Industries,Electric Heat
TPI,Hercules Industries,Tapes
Tyco Adhesives,Hercules Industries,"Air Exchangers, ERV & HRV<br>Full coil line, plasma cutting tables"
Venmar,Hercules Industries,Needs Description
Vicon,Hercules Industries,Needs Description
Williams Furnace,Hercules Industries,Needs Description
Ace Heating Solutions,IDC ASSOCIATES,"Boilers, Water Heaters"
ATH KN,IDC ASSOCIATES,Series Boilers
Columbia Boiler,IDC ASSOCIATES,Boilers
HydroTherm,IDC ASSOCIATES,Cast-Iron Boilers
JJM Boiler Works,IDC ASSOCIATES,On Demand Water Heaters
Lawler,IDC ASSOCIATES,"Thermostatic Mixing Valves, Emergency<br>Valves, Plumbing"
Lockwood Products,IDC ASSOCIATES,"Deaerators, Boiler Feed Systems"
Midco,IDC ASSOCIATES,Burners
Niles,IDC ASSOCIATES,Storage tanks
Parker Boilers,IDC ASSOCIATES,Boilers
Penn Separator,IDC ASSOCIATES,"Blowdown Separators, Boiler Accessories"
R.B.I.,IDC ASSOCIATES,"Boilers, Water Heaters"
Skidmore,IDC ASSOCIATES,"Boiler Feedwater Systems, Boiler Accessories"
Smith Boilers,IDC ASSOCIATES,Cast-Iron Boilers
Superior Boiler,IDC ASSOCIATES,Boilers
Thermo2000,IDC ASSOCIATES,Indirect water heaters
TurboMax,IDC ASSOCIATES,"Kickspace Heaters, Heat Transfer"
Unilux Boilers,IDC ASSOCIATES,Boilers
Wendland Tanks,IDC ASSOCIATES,"Domestic Storage Tanks, Plumbing"
Air Quality Engineering,"Infra-Red Radiant, Inc.","Clean air filtrating systems for commercial application including mist collectors, fume extractors, electrostatic precipitators, HEPA air purifiers, cartridge dust collectors."
Detroit Radiant Products Company,"Infra-Red Radiant, Inc.","Re-Verber-Ray infrared heaters, complete line, 2-stage, push tube, vacuum tube, high intensity infrared and electric; Outdoor patio-pal heaters."
ILG-American Coolair Corp.,"Infra-Red Radiant, Inc.","Ventilators: upblast power roof, centrifugal power roof, hooded power roof, centrifugal filtered supply, centrifugal wall, centrifugal in-line duct, gravity ventilators. Fans: wall propeller, axial duct, centrifugal wall exhaust, ceiling fans."
Infrared Dynamics,"Infra-Red Radiant, Inc.",Infrared Dynamics
Infratech,"Infra-Red Radiant, Inc.","Electric, infra-red heaters, outdoor stainless- steel, pole mounts, output controllers."
"Nederman, Inc.","Infra-Red Radiant, Inc.","Vehicle exhaust systems: hose reels, single and double hose drops. Fume arms for welding smoke and fume removal. Portable fume extraction equipment."
Rupp Air Management Systems,"Infra-Red Radiant, Inc.","Make-up air units, direct and indirect fired."
TPI Corporation,"Infra-Red Radiant, Inc.","Electric infra-red heaters, outdoor stainless-steel infra-red heaters, heavy duty metal sheath heaters, radiant ceiling panels, explosion-proof electric unit heaters."
Automated Logic,"Integrated Control Systems, Inc.",Building automation & DDC controls including hardware and software. Web-based front-end software and native BAC net hardware with interfaces to other building sub-systems.
Siemens,"Integrated Control Systems, Inc.","Variable speed drives; Pneumatic, electric and electronic control devices including thermostats, valves, actuators and controllers."
Manufacturer,"Integrated Control Systems, Inc.",Product Description
Johns Manville,"Integrated Control Systems, Inc.","R-19 Duct Wrap Case Study VVSD Spiracoustic Blog<br>VVSD Spiracoustic Plus Sizing ChartE³ Pallet Blog<br>E³ Pallet Instruction Guide E³ Pallet Instruction Video<br>HVAC Insulation<br>At Johns Manville, we are committed to delivering the industry's most complete line of HVAC insulation for both commercial and residential buildings. We are the market leader in HVAC insulation and have a 50-year history of providing duct liner, duct board and duct wrap solutions with superior consistency and quality. JM's innovative HVAC solutions are easy to fabricate for faster installation and provide a wide variety of options—something both installing contractors and building occupants can appreciate. Our products promote consistent temperatures for less wasted energy and many of our products help dampen unwanted noise and improve the comfort of building occupants with improved air quality. Because at JM, we're committed to the performance that matters to you.<br><br>JM's innovative HVAC solutions are easy to fabricate for faster installation and provide a wide variety of options—something both installing contractors and building occupants can appreciate. Our products promote consistent temperatures for less wasted energy and many of our products help dampen unwanted noise and improve the comfort of building occupants with improved air quality. Because at JM, we're committed to the performance that matters to you."
Manufacturer,"Integrated Control Systems, Inc.",Product Description
AAF/Flanders,"Integrated Control Systems, Inc.",Air Filtration
AbsolutAire,"Integrated Control Systems, Inc.",Direct & Indirect Fired Make Up Air Units
AcoutiFLO,"Integrated Control Systems, Inc.",Acoustic Plenum Fans
AQC The Blue Duct,"Integrated Control Systems, Inc.",Closed Cell Polyethylene Ductwork
AGS Stainless,"Integrated Control Systems, Inc.",Railing Systems
AIPHONE,"Integrated Control Systems, Inc.",IP Video Intercom Systems
Arimark,"Integrated Control Systems, Inc.",Fan Coil Units
American Aldes,"Integrated Control Systems, Inc.",Energy Recovery – Airflow Regulators
American Wheatley,"Integrated Control Systems, Inc.",Hydronic Specialty Products
Ampco,"Integrated Control Systems, Inc.","Boiler Flue Pipe, Single & Double Wall Flue Pipe"
Avigilon,"Integrated Control Systems, Inc.",Video Cameras & Management Systems
Axis Communications,"Integrated Control Systems, Inc.",Encoders & Video Systems
Barber Coleman,"Integrated Control Systems, Inc.",Temperature Control Systems
Barcol-Air,"Integrated Control Systems, Inc.",Induction VAV Units
Belimo,"Integrated Control Systems, Inc.",Control Valves & Actuators
Bioclimatic Air Systems,"Integrated Control Systems, Inc.",Air Purification Products
The Blue Duct,"Integrated Control Systems, Inc.",Closed Cell Polyethylene Ductwork
Bosch,"Integrated Control Systems, Inc.",Hydronic & Steam Boilers
Bry-Air,"Integrated Control Systems, Inc.",Desiccant Dehumidifiers
Cambridge,"Integrated Control Systems, Inc.",Direct Fired Space Heating & Make Up Air Units
Carson Solutions,"Integrated Control Systems, Inc.","Displacement Ventilation, Chilled Beams, Custom Terminal Devices"
Condair,"Integrated Control Systems, Inc.","Atomizing, Live Steam, & Gas-Fired Humidifiers, Electrode Steam Humidifiers"
Coolerado – Seeley,"Integrated Control Systems, Inc.",Compact Modular Indirect Evaporative Cooling Solutions
Critical Room Control (CRC),"Integrated Control Systems, Inc.",Laboratory & Healthcare Critical Room Airflow Equipment & Controls
Dadanco,"Integrated Control Systems, Inc.",Active Chilled Beams/Induction Diffusers
Daikin,"Integrated Control Systems, Inc.","Water Source Heat Pumps, Air Cooled Chillers, Water Cooled Chillers, HVAC Coils, Indoor & Rooftop Air Handling Units, PTAC Units, Self-"
Manufacturer/Brand,"Integrated Control Systems, Inc.",Products/Systems
DAMS,"Integrated Control Systems, Inc.",Architectural Wall Panel Systems & Sunshades
Denlar,"Integrated Control Systems, Inc.",Light Commercial Kitchen Hoods
Distech Controls,"Integrated Control Systems, Inc.",Building Automation & Temperature Controls
Easco,"Integrated Control Systems, Inc.",Hydronic & Steam Boilers
Energy Labs,"Integrated Control Systems, Inc.",Custom Air Handling Solutions
Environmental Technologies,"Integrated Control Systems, Inc.","Air Handling Units, Fan Coil Units, VAV & Fan Powered Terminal Units"
Fafco,"Integrated Control Systems, Inc.",Thermal Ice Storage Systems
Friedrich,"Integrated Control Systems, Inc.","Window, Through Wall, Portable & Ductless Air Conditioning"
Genetec,"Integrated Control Systems, Inc.",Access Control Systems
GreaseMaster,"Integrated Control Systems, Inc.",Commercial Kitchen Ventilation
Griswold Controls,"Integrated Control Systems, Inc.","Hydronic Valves, Control Valves"
Haakon,"Integrated Control Systems, Inc.",Custom Air Handling Units
Halton,"Integrated Control Systems, Inc.",Commercial Kitchen Ventilation Systems
Hansen Railings,"Integrated Control Systems, Inc.",Architectural Railing Systems
Hanwha,"Integrated Control Systems, Inc.",Video Cameras & Management Systems
Hercules,"Integrated Control Systems, Inc.","Flexible Duct, Spin-In Fittings, & Spiral Duct"
Howden American,"Integrated Control Systems, Inc.","Vane Axial Fans, Parking Garage Ventilation Systems"
ICT,"Integrated Control Systems, Inc.",Access Control Systems
ISO-Aire,"Integrated Control Systems, Inc.",Air Purification Units
Innovent,"Integrated Control Systems, Inc.","Air to Air Heat Exchangers, Custom Air HandlingUnits, Swimming Pool Dehumidification Units, Evaporative Condensing Chillers"
KE Fibertec,"Integrated Control Systems, Inc.",Specialty Fiber Duct
KMC,"Integrated Control Systems, Inc.",Building Automation & Temperature Controls
Krueger,"Integrated Control Systems, Inc.","Grilles, Registers & Diffusers, Hospital Operating Room Systems, Underfloor AirSystems, VAV & Fan Powered Terminal Units"
LINEA,"Integrated Control Systems, Inc.",Architectural Screen Walls
Lenel S2,"Integrated Control Systems, Inc.",Access Control Systems
MacroAir,"Integrated Control Systems, Inc.",High Volume Low Velocity Fans
Mars,"Integrated Control Systems, Inc.","Air Curtains, Air Doors"
MBCI,"Integrated Control Systems, Inc.",Metal Roof & Wall Panel Systems
McGill Airflow LLC,"Integrated Control Systems, Inc.","Specialty Ductwork, Dampers, Grilles, Diffusers"
Metropolitan Air,"Integrated Control Systems, Inc.",Cable Operated Dampers
Miura,"Integrated Control Systems, Inc.",Steam Boilers
Company/Brand,"Integrated Control Systems, Inc.",Products/Services
Monoxivent,"Integrated Control Systems, Inc.","Dust & Fume Source Capture Systems, Vehicle Exhaust Capture Systems, Fiberglass Reinforced Pipe"
MS Metal Sales,"Integrated Control Systems, Inc.",Architectural Panel Systems
Munters,"Integrated Control Systems, Inc.",Dehumidification & Specialty Air Handling Solutions
Patterson Pumps,"Integrated Control Systems, Inc.","Domestic Water Booster Systems, HVAC Pumps"
PennBarry,"Integrated Control Systems, Inc.","Energy Recovery Units, Centrifugal Fans, Gravity Roof Ventilators, Power Roof Ventilators, In-Line Cabinet, Fans, Utility Set Fans, Prop Fans & Vertical/Axial Fans, Laboratory Exhaust Fans"
Plastec,"Integrated Control Systems, Inc.",Corrosion Resistant Polypropylene Fume Exhaust Fans & Blowers
Precision Coil,"Integrated Control Systems, Inc.",Water & Direct Expansion Coils
PVI,"Integrated Control Systems, Inc.","Water Heaters, Gas Water Heaters, Electric Water Heaters, Storage Tanks & Water Boilers"
Raypak,"Integrated Control Systems, Inc.",Hydronic Boilers
Raywall,"Integrated Control Systems, Inc.",Electric Heat
Riverside Hydronics,"Integrated Control Systems, Inc.","Hot Water heating Boilers, Domestic Water Heaters"
Ruskin,"Integrated Control Systems, Inc.","Air Measurement Devices, Control Dampers, Fire & Smoke Dampers, Louvres, Sound Control Products"
Salto,"Integrated Control Systems, Inc.",Wireless Card Access Systems
Security Duravent,"Integrated Control Systems, Inc.","Boiler Flue Pipe, Single & Double Wall Flue Pipe"
Sellers,"Integrated Control Systems, Inc.",Hydronic Boilers
SHARC Energy Systems,"Integrated Control Systems, Inc.",Wastewater Heat Recovery Solutions
Sigma,"Integrated Control Systems, Inc.",Hydronic Heating Products
Sondex,"Integrated Control Systems, Inc.",Hydronic Heat Exchangers
Spirotherm,"Integrated Control Systems, Inc.",Hydronic Specialty Air Control & Dirt Separators
Superior Boilers,"Integrated Control Systems, Inc.",Hydronic & Steam Boilers
Superior Radiant,"Integrated Control Systems, Inc.",Infrared Heat
Swartwout,"Integrated Control Systems, Inc.",Fiberglass Dampers & Louvres
Swegon,"Integrated Control Systems, Inc.",Energy Recovery Air Handling Solutions
Systemair,"Integrated Control Systems, Inc.",Vertical Unit Ventilators & Fan Coil Units
Tempeff,"Integrated Control Systems, Inc.",Energy Recovery Units
Thermacor Process,"Integrated Control Systems, Inc.",Pre-Insulated Piping Systems
Tower Tech,"Integrated Control Systems, Inc.",Cooling Tower Systems
TPI Corporation,"Integrated Control Systems, Inc.",Electric Heat
Tridium,"Integrated Control Systems, Inc.",Temperature Control Systems
UVDI UltraViolet Devices Inc,"Integrated Control Systems, Inc.",Ultraviolet Air Purification Systems
Company,"Integrated Control Systems, Inc.",Products/Services
United CoolAir,"Integrated Control Systems, Inc.","Small Tonnage Split Systems, Ductless Mini Splits, Precision Cooling"
United Enertech,"Integrated Control Systems, Inc.","Architectural Louvers, Dampers, Sunshades, & Metal Products"
US Draft CO,"Integrated Control Systems, Inc.",Venting System Fans & Pipe Systems
Valent,"Integrated Control Systems, Inc.",Package Rooftop Units & Dedicated Outside Air Units
Vaughn,"Integrated Control Systems, Inc.","Electric, Solar Water Heaters & Tanks"
Vertiv,"Integrated Control Systems, Inc.",Custom Air Handling & Data Center Solutions
Vibro-Acoustics,"Integrated Control Systems, Inc.","Commercial/Industrial Noise Control, Vibration Insulation, Custom Acoustic Air Handling Systems"
Viconics,"Integrated Control Systems, Inc.",Zone Control Systems & Sensors
VIKON,"Integrated Control Systems, Inc.",Building Automation & Analytics
Weishaupt,"Integrated Control Systems, Inc.",Boiler Burners
Yaskawa,"Integrated Control Systems, Inc.",Variable Frequency Drives
Yazaki,"Integrated Control Systems, Inc.",Direct Fired & Hot Water Absorption Chillers
Alternate Energy Technologies,McCoy Sales Corporation,Solar panels & accessories
Ametek - US Gauge,McCoy Sales Corporation,Pressure gauges
Beacon Morris,McCoy Sales Corporation,Kick Space Heaters and Unit Heaters
Burnham,McCoy Sales Corporation,Cast Iron Boilers
Flexcon,McCoy Sales Corporation,Expansion tanks
Hydrolevel,McCoy Sales Corporation,Flow Control and Low Water Cutoffs
Insulation Solutions,McCoy Sales Corporation,Insulation products
Miljolo,McCoy Sales Corporation,"Pressure gauges, thermometers & accessories"
New Yorker,McCoy Sales Corporation,Cost iron boilers
Parker Hanfin,McCoy Sales Corporation,"Instrumentation Fittings; Ball Valves, Check Valves, Needle Valves and Plug Valves"
Raypak,McCoy Sales Corporation,Copper Finned Tube Boilers
Rehau,McCoy Sales Corporation,"Pex Potable Water Piping, Radiant Heating and Snowmelt Pex Piping"
Sterling,McCoy Sales Corporation,Heat Trim Baseboard
Taco,McCoy Sales Corporation,"Circuit Setters; Expansion Tanks; HVAC Pumps; Hydronic Pumps, Tanks, Heat Exchangers and accessories; Hydronic Specialties; Plate & Frame Heat Exchangers, Brazed Plate Heat Exchangers and Tube & Shell; Heat exchanges"
Thermaflo Engineering,McCoy Sales Corporation,"Steamfired water heaters, clean steam generators, deareators & boiler feed systems"
Twin City Hose,McCoy Sales Corporation,Rubber & Stainless Steel Flex Connectors
AC Fire Pump – a Xylem Brand,McNevin Company,"Split Case & Inline Fire Pumps, Vertical Turbine Fire Pumps, Skid Fire Pumps Packages"
Aegis,McNevin Company,Stock SGR – Shaft Grounding Rings for Motors working with VFDs to provide bearing protection
Aldrich,McNevin Company,"Low Pressure Vertical Steam Boilers, Dual Fuel Boilers & Vertical Firetube Water Heaters"
Amiad,McNevin Company,"HVAC Filter Systems, Skid Mounted Filtration Systems & Bag Filters"
Bell & Gossett,McNevin Company,"Centrifugal & ECM Pumps, Air Control Accessories, Heat Exchangers, Wastewater Pumps, Balance Valves & Packages"
Bryan Boilers,McNevin Company,"Flex Tube Steam Boilers, Condensing & Non- Condensing Boilers, Feedwater Dearators"
Burnham,McNevin Company,"Steam Firetube Boilers, Atmospheric Boilers, Forced Draft Boilers"
Caldyn,McNevin Company,"Pump Inertia Bases, Vibration Isolation & Seismic Restraints"
Cemline,McNevin Company,"Unfired Steam Generators, Steam Water Heaters, Plate Water Heaters, Electric Boilers & Buffer Tanks"
Fabtek,McNevin Company,"Custom Stainless Steel Condensate Return Units, Boiler Feed Units & Vacuum Pump Units"
Flow Conditioning,McNevin Company,Large Double Suction Diffusers & Trumpet Valves
Goulds – a Xylem Brand,McNevin Company,"Multistage Centrifugal Pumps, Stainless Steel Centrifugal Pumps & Pump Controllers"
Company,McNevin Company,Products/Services
Hoffman Specialty,McNevin Company,"Stock Condensate Return & Boiler Feed Units, Steam Traps & a Full Line of Steam Accessories"
Holby Valve Co,McNevin Company,Water Tempering Valves & Mixing Valves & Legionella Detection Devices
HYFAB,McNevin Company,Heat Transfer Skid Mounted Pumping Systems & Modular Enclosed Mechanical Room Systems
Intellihot,McNevin Company,Commercial Tankless Water Heaters & WiFi Capable Condensate Neutralization Products
Kadant-Johnson,McNevin Company,"Non-Electric, Pressure Powered Condensate Handling Equipment"
McDonnell & Miller – A Xylem Brand,McNevin Company,"Boiler Safety Controls, Flow Switches & Level Controls"
Miljoco,McNevin Company,American Made Thermometers & Pressure Gauges & A Full Line of Instrumentation Products
Robur,McNevin Company,"Gas Fired Heat Pumps, Water Source Heat Pumps, & Ga Absorption Chillers"
Siemens,McNevin Company,"Variable Frequency Drives, Control Valves, Damper Actuators & Sensors"
Therman Solutions,McNevin Company,"Condensing Boilers & Water Heaters, Near-Condensing Boilers & Water Heaters, Packaged Systems and Accessories"
Van-Packer,McNevin Company,"Freestanding Stack Design, Category II, III & IV Stainless Steel Chimney Venting Systems"
Vertiflo,McNevin Company,"Industrial Process Pumps, Cantilever Process Pumps & Industrial End Suction Pumps"
Victory Energy,McNevin Company,"Wetback Firetube Boilers, Dryback Firetube Boilers, Waste Heat Firetube Boilers"
Viessmann Manufacturing,McNevin Company,High Mass Commercial Fire Tube Condensing Boilers & Biomass Boiler Solutions
Airex,"Mountain Sales Equipment Co., Airex Evaporative",Heat/Cool Make-Up Air; Evaporative Humidifiers; Evaporative Humidifiers; Airex Evaporative Cooling Systems
[NFP logo,NFP,"A green hexagonal shape with ""NFP"" written inside]"
O,NFP,303.867.2069
O,NFP,303.867.2069
Ansul Engineering,SETPOINT,Fire Suppression
Belimo,SETPOINT,"Direct coupled damper actuators and temperature control valves ranging from ball to lobe from 1/2"" to 10"" 2-way and 3-way hot, chilled water and steam applications."
Cerus,SETPOINT,"Variable Frequency Drives, Motors and Starters with BACnet interfaces."
Contemporary Controls,SETPOINT,"Networking interface modules, wiring hubs, repeaters, bridges, routers and gateways."
Delta Card Access Controls,SETPOINT,"Native BACnet controllers, interfaces to biometric access products."
Delta CCTV Controls<br>Delta HVAC Controls,SETPOINT,"Digital video IP recordersBuilding automation controllers, operator workstation software, ORCAview software."
Delta Lighting Controls,SETPOINT,"Native BACnet controllers, occupancy sensors, light level sensors, Operator Workstation software."
Dwyer Instruments,SETPOINT,"Measuring, testing and monitoring devices"
"Functional Devices, Inc.",SETPOINT,"Relay in a Box (RIB), current sensors, contactors-2, 3 or 4 poles, UL listed enclosures, sub panels, power supplies, transformers, DIN or NEMA rails, PC Energy Management Systems, PLCs, Blaster Alarm systems, Fan/light controllers"
"GridLogix, Inc.",SETPOINT,"Fire Alarms, Fire alarm controls, Voice Evacuation Systems, Smoke detectors, Sensors"
Gamewell,SETPOINT,"Temperature sensors: space, duct, immersion, outside-NTC thermistors, RTD, ICs; Transducers: I-to-P, Pressure sensors, humidity sensors: outside, space, duct-2%, air and gas sensors, power monitors, flow transducers, DC power supplies."
Company,SETPOINT,Products/Services
"Greystone Energy Systems, Inc.",SETPOINT,"Full line of gas detectors and analyzers for toxic, flammable and combustible gases."
Honeywell Analytics,SETPOINT,"GridLogix, Inc. EnNet integration technology for energy information management."
Honeywell CSS,SETPOINT,"Commercial Security Systems, including card access, CCTV, and intrusion alarms."
Kidde,SETPOINT,"Fire suppression systems, smoke detection, linear thermal detection, incipient smoke detection."
MicroMain,SETPOINT,"Maintenance Management Software Package, Dedicatin micro, CCTV, IP cameras, web accessible DVRs"
Millennial Net,SETPOINT,Wireless Sensor Networking System; Remote Wireless Monitoring and Metering.
Quest Controls,SETPOINT,"Microprocessor-based controlling, monitoring, data collecting and alarm reporting systems management and operations."
Sauter Controls,SETPOINT,"Control valves: pneumatic, electronic, hydraulic and thermic-3/8"" to 10"". Pneumatic and electronic receiver controllers, temperature, pressure and humidity transmitters, pneumatic and electronic room thermostats, electric 14-day time clocks, pneumatic, hydraulic and electronic damper actuators, low volume I-to-P transducers."
Siemens,SETPOINT,Direct coupled damper actuators and temperature control valves.
SurgeX,SETPOINT,Surge suppressions and power conditioners
Tek-Air,SETPOINT,"Fume hood controls, air-flow measuring stations"
Toshiba,SETPOINT,"Variable frequency drives, motors, and starters from fractional to over 600 HP with BACnet, ModBus and serial interfaces."
"Ultratech Industries, Inc",SETPOINT,Airflow and pressurization measurement and control devices.
Veris Industries,SETPOINT,Building automation sensors.
Aerco International,"Taft Engineering, LLC","Gas-Fired, Condensing, fully modulating, hot water boilers; semi-instantaneous, heaters; Semi-Instantaneous, (water-to-water) and (steam-to-water) heaters."
Bryan Boilers,"Taft Engineering, LLC","Boilers (hot water, steam (low & high pressure)); Boiler Accessories (Deaeritions, transistor stations); Boiler Feedwater Systems, Blowdown separators."
"Century Controls, Inc","Taft Engineering, LLC",Boiler management controller.
"ComfortPro Systems, Inc.","Taft Engineering, LLC","Radiant floor, plumbing, snow melting PEX systems, preinsulated PEX."
Triad Boiler,"Taft Engineering, LLC",Hot water boilers
AO Smith Companies,TM Sales,Hot water heaters
American,TM Sales,Hot water heaters
Axiom,TM Sales,Hydronic Glycol Feeder systems.
Bradley Corp,TM Sales,Commercial plumbing fixtures and washroom accessories please
Caleffi,TM Sales,"Non-Electric Zone Valves, Thermostats, Temperature Controls"
Danfoss,TM Sales,"Distribution pipe, snow melting"
Ecoflex,TM Sales,Multipurpose pipe couplings.
Fernco Couplings,TM Sales,"Circulators, sump & effluent pumps."
Gerber,TM Sales,"Hydronic boilers, Volume water heaters"
Grundfos,TM Sales,"Brass, bronze, and iron. Gate, globe, check, ball and butterfly valves."
Laars Heating Systems,TM Sales,Water Hammer Arrestors and Plumbing Specialties.
Red-White Valve,TM Sales,"Tank Type Domestic Hot Water Heaters Gas & Electric. 33mbh-725mbh, 6 Kw-120 Kw."
Sioux Chief Mfg,TM Sales,Heat exchangers and Indirect water heaters
State Industries,TM Sales,"Radiant Floor, Snow-melt, and PEX Tubing"
Armstrong Ceilings,"Trane, Rocky Mountain District",Radiant Ceiling Systems
Aspen Fan Coils,"Trane, Rocky Mountain District",DX with Potable Hot Water Coils
Bousquet Technologies,"Trane, Rocky Mountain District","Custom Air Handling, Make-up Air, and Heat Recovery"
BRD Noise & Vibration Control Inc.,"Trane, Rocky Mountain District",Acoustical Products & Systems
CanFab,"Trane, Rocky Mountain District","Roof Curbs, Exhaust Economizers; Mixing Boxes, Concentric Diffusers, Filter Boxes, Flue Extensions, and Coil Guards"
Carel,"Trane, Rocky Mountain District",Humidification and Evaporative Cooling
City Scapes,"Trane, Rocky Mountain District",Architectural Equipment Screens
Curbs Plus,"Trane, Rocky Mountain District",Architectural Equipment Screens and Curb Accessories
enVerid,"Trane, Rocky Mountain District",HVAC Load Reduction® (HLR®) Technology; Indoor Air Cleaning and Outdoor Air Management
Evaporcool/Peak+ Energy,"Trane, Rocky Mountain District",Evaporative Condenser Pre-Cooling Systems for Air Cooled Rooftops and Chillers
Filtrine,"Trane, Rocky Mountain District",Specialty Process Chillers
Flow Control Industries,"Trane, Rocky Mountain District",Pressure Independent Control Valves
Genesis Air,"Trane, Rocky Mountain District","Catalytic Air Cleaners; Advanced Filtration, Ultraviolet Lamps, & Photocatalysis"
Manufacturer,"Trane, Rocky Mountain District",Product Description
Guntner,"Trane, Rocky Mountain District",Fluid Coolers and Condensers<br>www.guntnerus.com IntelliCUBE Custom<br>Fan Arrays
Johnson Air-Rotation,"Trane, Rocky Mountain District",Air Rotation Systems
KCC Manufacturing,"Trane, Rocky Mountain District","HVAC and roof system products Metal<br>Building and Conventional Roof Curbs, Curb<br>Adapters, Equipment Supports & more"
Krack,"Trane, Rocky Mountain District","Commercial Coils, Condensers, Condensing<br>Units and Process Cooling Equipment"
Lynxspring,"Trane, Rocky Mountain District",Smart Systems for Building Connectivity
MicroMetl,"Trane, Rocky Mountain District",HVAC Accessories
MJC,"Trane, Rocky Mountain District","Custom HVAC Units, HVAC Coatings and<br>HVAC Modifications"
Multiaqua,"Trane, Rocky Mountain District",Ducted and Ductless Chilled Water Air<br>Conditioning Systems
Napps,"Trane, Rocky Mountain District","Water-Cooled Chillers,<br>Condensing Units, Compressor and Modular<br>Chillers"
PoolPak,"Trane, Rocky Mountain District",Dehumidification Systems
Surna,"Trane, Rocky Mountain District",Energy and Water Solutions for Cannabis<br>Cultivation Environments
Synexis,"Trane, Rocky Mountain District",Biodefense System – Air and Surface<br>Cleaning
Systecon,"Trane, Rocky Mountain District",Packaged Pumping Systems
Thybar,"Trane, Rocky Mountain District",Trane Unit Modifications; Adapter Curbs;<br>Seismic & Vibration Curbs
Xetex,"Trane, Rocky Mountain District","DOAS, Custom Energy Recovery, Air<br>Handlers, and Desiccant Systems"
AAON,Western Mechanical Solutions,"Semi-custom and packaged equipment such as<br>packaged rooftop units, heat pumps, geothermal,<br>floor by floor units, modular air handlers, chillers,<br>and packaged mechanical rooms."
Manufacturer,Western Mechanical Solutions,Product Description
Annexair,Western Mechanical Solutions,"Custom air handlers specializing in water source heat pumps, air-cooled DX units, and air to air energy recovery technologies such as heat wheels, plate heat exchangers, and heat pipes."
Badger Meter,Western Mechanical Solutions,Flow instrumentation technology to measure and control anything moving through a pipe or pipeline.
EBTRON,Western Mechanical Solutions,Thermal dispersion airflow measurement.
Konvekta,Western Mechanical Solutions,High efficiency run around energy recovery systems.
Motivair,Western Mechanical Solutions,"High efficiency commercial, industrial, and mission critical cooling systems including chillers with integrated free cooling systems, simultaneous cooling and heat recovery chillers, and heat pumps"
Pro Hydronic Specialties,Western Mechanical Solutions,Hydronic balancing and flow control devices
Tandem Chillers,Western Mechanical Solutions,Modular chillers and chilling systems
United Metal Products,Western Mechanical Solutions,Custom air handling units
Andover Controls/TAC,Westover Corporation,"Items for operating and controlling heating, ventilating and air conditioning systems and equipment, Building Systems Controls, Energy management and conservation systems, Control systems & Instrumentation."
Bosch,Westover Corporation,CCTV and digital recorders
Integral,Westover Corporation,CCTV and digital recorders
Siemens,Westover Corporation,Variable frequency drives (VFDs)
Square D,Westover Corporation,Variable frequency drives (VFDs)
TAC,Westover Corporation,"CCTV, Security/Access Controls. System Integration"
